"document_link","dropdown_texts"
"https://www.senato.it/w3/Biblioteca/catalogoDegliStatutiMedievali.nsf/de148d287da34e08c1256e4c002f1718/0039b2bc835c8aafc1256f40003d00d3?OpenDocument","Tutiano, Todiano (Preci)"
"https://www.senato.it/w3/Biblioteca/catalogoDegliStatutiMedievali.nsf/de148d287da34e08c1256e4c002f1718/014c3fdc5af6a189c1256f3b004d2391?OpenDocument","Thonon-les-Bains"
"https://www.senato.it/w3/Biblioteca/catalogoDegliStatutiMedievali.nsf/de148d287da34e08c1256e4c002f1718/0152d520b5154dacc1256f9a00422877?OpenDocument","Batignano (Grosseto)"
"https://www.senato.it/w3/Biblioteca/catalogoDegliStatutiMedievali.nsf/de148d287da34e08c1256e4c002f1718/01548815d33db1ecc1256f3b004d26e3?OpenDocument","Tonda (Montaione)"
"https://www.senato.it/w3/Biblioteca/catalogoDegliStatutiMedievali.nsf/de148d287da34e08c1256e4c002f1718/02664407319e54c9c1256fac00498591?OpenDocument","Trentino Alto Adige"
"https://www.senato.it/w3/Biblioteca/catalogoDegliStatutiMedievali.nsf/de148d287da34e08c1256e4c002f1718/032ba217f867e617c1256fac00401954?OpenDocument","Sanctus Michael De Clusa, San Michele della Chiusa, Sacra di San Michele (Chiusa di San Michele)"
"https://www.senato.it/w3/Biblioteca/catalogoDegliStatutiMedievali.nsf/de148d287da34e08c1256e4c002f1718/03480de3a5583aacc1256f9a00428292?OpenDocument","Budua"
"https://www.senato.it/w3/Biblioteca/catalogoDegliStatutiMedievali.nsf/de148d287da34e08c1256e4c002f1718/03fabcaf2148976bc1256fa3005fd6b2?OpenDocument","Maranola (Formia)"
"https://www.senato.it/w3/Biblioteca/catalogoDegliStatutiMedievali.nsf/de148d287da34e08c1256e4c002f1718/044718c63768e851c1256fa4004920ef?OpenDocument","Portovecchio (Portogruaro)"
"https://www.senato.it/w3/Biblioteca/catalogoDegliStatutiMedievali.nsf/de148d287da34e08c1256e4c002f1718/04c7ecd8bf060bd9c1256fa2005a4be2?OpenDocument","Gromtaleggio, Gromfaleggio (Pontida)"
"https://www.senato.it/w3/Biblioteca/catalogoDegliStatutiMedievali.nsf/de148d287da34e08c1256e4c002f1718/05cf166494f8367ac1256fa400491cff?OpenDocument","Pontenano (Talla)"
"https://www.senato.it/w3/Biblioteca/catalogoDegliStatutiMedievali.nsf/de148d287da34e08c1256e4c002f1718/0608747a0b58826fc1256fa2005a301e?OpenDocument","Gardesana dall'Acqua"
"https://www.senato.it/w3/Biblioteca/catalogoDegliStatutiMedievali.nsf/de148d287da34e08c1256e4c002f1718/065ffcb6ec8b392cc1256fa300601fe8?OpenDocument","Montecastello (Pontedera)"
"https://www.senato.it/w3/Biblioteca/catalogoDegliStatutiMedievali.nsf/de148d287da34e08c1256e4c002f1718/06736198c83d8e03c1256fa3005fcd54?OpenDocument","Terre Arnolfe, Terranolfa, Macerino (Acquasparta)"
"https://www.senato.it/w3/Biblioteca/catalogoDegliStatutiMedievali.nsf/de148d287da34e08c1256e4c002f1718/07d37dcfb64a442cc1256fa2005a06ab?OpenDocument","Figline Valdarno (Figline e Incisa Valdarno), Fighinum"
"https://www.senato.it/w3/Biblioteca/catalogoDegliStatutiMedievali.nsf/de148d287da34e08c1256e4c002f1718/08018dfc64476d43c1256f9a0054ce6e?OpenDocument","Collaltum, Collalto (Susegana)"
"https://www.senato.it/w3/Biblioteca/catalogoDegliStatutiMedievali.nsf/de148d287da34e08c1256e4c002f1718/087c8c2e22994a6cc1256fa3005fe159?OpenDocument","Mazzorbo (Venezia), Mazorbo, Maiurbium"
"https://www.senato.it/w3/Biblioteca/catalogoDegliStatutiMedievali.nsf/de148d287da34e08c1256e4c002f1718/08e54346d955f217c1256f9a0056f581?OpenDocument","Dezanum, Dezano, Deggiano"
"https://www.senato.it/w3/Biblioteca/catalogoDegliStatutiMedievali.nsf/de148d287da34e08c1256e4c002f1718/094bebb3ccc57387c1256f40005bcca1?OpenDocument","Tierno (Mori), Thierno"
"https://www.senato.it/w3/Biblioteca/catalogoDegliStatutiMedievali.nsf/de148d287da34e08c1256e4c002f1718/095f19259b407f4dc1256fa400490b63?OpenDocument","Torre di Piancastello, Plananum, Pian di Castello (Mercatino Conca)"
"https://www.senato.it/w3/Biblioteca/catalogoDegliStatutiMedievali.nsf/de148d287da34e08c1256e4c002f1718/0964765be2557aeac1256fac00402cc4?OpenDocument","San Vito all'Incisa (Incisa in Val d'Arno), San Vito all'Ancisa"
"https://www.senato.it/w3/Biblioteca/catalogoDegliStatutiMedievali.nsf/de148d287da34e08c1256e4c002f1718/0987361c7e54b065c1256f3b004d23a5?OpenDocument","Tiarno di Sotto"
"https://www.senato.it/w3/Biblioteca/catalogoDegliStatutiMedievali.nsf/de148d287da34e08c1256e4c002f1718/0a1215445561b7dec1256fa40048d982?OpenDocument","Pardrignonum, Padergnone"
"https://www.senato.it/w3/Biblioteca/catalogoDegliStatutiMedievali.nsf/de148d287da34e08c1256e4c002f1718/0aa4618d69ba4344c1256fa300602e98?OpenDocument","Montona"
"https://www.senato.it/w3/Biblioteca/catalogoDegliStatutiMedievali.nsf/de148d287da34e08c1256e4c002f1718/0ab0f482ebaf9837c1256f9a0047c582?OpenDocument","Casalpoglio (Castel Goffredo)"
"https://www.senato.it/w3/Biblioteca/catalogoDegliStatutiMedievali.nsf/de148d287da34e08c1256e4c002f1718/0b35086ba3e3532fc1256fac00402ec0?OpenDocument","Santa Maria a Toro (San Nicola Manfredi)"
"https://www.senato.it/w3/Biblioteca/catalogoDegliStatutiMedievali.nsf/de148d287da34e08c1256e4c002f1718/0b596d003e4f9099c1256f9a004233a5?OpenDocument","Biasca, Ariasca"
"https://www.senato.it/w3/Biblioteca/catalogoDegliStatutiMedievali.nsf/de148d287da34e08c1256e4c002f1718/0c3f050ff1c1db7ec1256fac003ef18f?OpenDocument","Riviera, Rivera, Riperia, Reffier"
"https://www.senato.it/w3/Biblioteca/catalogoDegliStatutiMedievali.nsf/de148d287da34e08c1256e4c002f1718/0c42f8ec35e1f0f6c1256fa40048d2fa?OpenDocument","Orturano (Bagnone in Lunigiana)"
"https://www.senato.it/w3/Biblioteca/catalogoDegliStatutiMedievali.nsf/de148d287da34e08c1256e4c002f1718/0c7e6c7b7eacb434c1256fac003ee38d?OpenDocument","Rapolano"
"https://www.senato.it/w3/Biblioteca/catalogoDegliStatutiMedievali.nsf/de148d287da34e08c1256e4c002f1718/0c93d546d0cd8798c1256fac0040283a?OpenDocument","San Leucio (Caserta)"
"https://www.senato.it/w3/Biblioteca/catalogoDegliStatutiMedievali.nsf/de148d287da34e08c1256e4c002f1718/0cfb5ba3421c73d7c1256fa300601d47?OpenDocument","Montalto (Premilcuore)"
"https://www.senato.it/w3/Biblioteca/catalogoDegliStatutiMedievali.nsf/de148d287da34e08c1256e4c002f1718/0d7c1029d77135bdc1256fa2005a0561?OpenDocument","Fiano (Pescaglia)"
"https://www.senato.it/w3/Biblioteca/catalogoDegliStatutiMedievali.nsf/de148d287da34e08c1256e4c002f1718/0dad3aa0456319dec1256fa3006020cb?OpenDocument","Montechiaro D'Arbia (Siena), Mons Clarus"
"https://www.senato.it/w3/Biblioteca/catalogoDegliStatutiMedievali.nsf/de148d287da34e08c1256e4c002f1718/0e5083c00288d557c1256fa3005fe17e?OpenDocument","Medeglia"
"https://www.senato.it/w3/Biblioteca/catalogoDegliStatutiMedievali.nsf/de148d287da34e08c1256e4c002f1718/0f236c6455fc64e3c1256fa300603098?OpenDocument","Mosio (Acquanegra sul Chiese)"
"https://www.senato.it/w3/Biblioteca/catalogoDegliStatutiMedievali.nsf/de148d287da34e08c1256e4c002f1718/0fc2f17c48e5a5d3c1256fa40049192a?OpenDocument","Pittigon (Forno di Canale)"
"https://www.senato.it/w3/Biblioteca/catalogoDegliStatutiMedievali.nsf/de148d287da34e08c1256e4c002f1718/10770b9e99a4bd5dc1256f9a00428112?OpenDocument","Brissago"
"https://www.senato.it/w3/Biblioteca/catalogoDegliStatutiMedievali.nsf/de148d287da34e08c1256e4c002f1718/10837c0d93c8703fc1256fac003ef303?OpenDocument","Roccatagliata (Neirone)"
"https://www.senato.it/w3/Biblioteca/catalogoDegliStatutiMedievali.nsf/de148d287da34e08c1256e4c002f1718/10f77f14aefc46a1c1256f3b004d2b5c?OpenDocument","Torre Alfina (Acquapendente)"
"https://www.senato.it/w3/Biblioteca/catalogoDegliStatutiMedievali.nsf/de148d287da34e08c1256e4c002f1718/11d78a4454accc14c1256fac004050be?OpenDocument","Sonvigo, Sonvico, Sonvichum"
"https://www.senato.it/w3/Biblioteca/catalogoDegliStatutiMedievali.nsf/de148d287da34e08c1256e4c002f1718/125bc88cb8e6455bc1256fa300602e67?OpenDocument","Montilium, Montiglio"
"https://www.senato.it/w3/Biblioteca/catalogoDegliStatutiMedievali.nsf/de148d287da34e08c1256e4c002f1718/12f7184eb066d3ebc1256f9a0047d08d?OpenDocument","Castrumnovum, Castelnuovo dell'Abate (Affi)"
"https://www.senato.it/w3/Biblioteca/catalogoDegliStatutiMedievali.nsf/de148d287da34e08c1256e4c002f1718/1374aa1ac0699634c1256f9a0054cce8?OpenDocument","Cluses"
"https://www.senato.it/w3/Biblioteca/catalogoDegliStatutiMedievali.nsf/de148d287da34e08c1256e4c002f1718/1387c8373280a53cc1256f9a0047c2c2?OpenDocument","Carpugnino (Brovello Carpugnino)"
"https://www.senato.it/w3/Biblioteca/catalogoDegliStatutiMedievali.nsf/de148d287da34e08c1256e4c002f1718/13a44467b5285f68c1256fac00402a77?OpenDocument","Sanctus Peregrinus, San Pellegrino (Gualdo Tadino)"
"https://www.senato.it/w3/Biblioteca/catalogoDegliStatutiMedievali.nsf/de148d287da34e08c1256e4c002f1718/13ca11437702c5f3c1256fa3005fcfef?OpenDocument","Malta"
"https://www.senato.it/w3/Biblioteca/catalogoDegliStatutiMedievali.nsf/de148d287da34e08c1256e4c002f1718/1457776c4ba71b8dc1256fa300601532?OpenDocument","Momiano, Mimilianum"
"https://www.senato.it/w3/Biblioteca/catalogoDegliStatutiMedievali.nsf/de148d287da34e08c1256e4c002f1718/1537882a5143835ec1256fac003eef8e?OpenDocument","Riviera di Salò, Riviera Brisense, Riviera Benacense, Ripperia"
"https://www.senato.it/w3/Biblioteca/catalogoDegliStatutiMedievali.nsf/de148d287da34e08c1256e4c002f1718/154245cfa2fdbdf5c1256f9a0056d9a5?OpenDocument","Ceppato (Casciana Terme), Bagni di Casciana"
"https://www.senato.it/w3/Biblioteca/catalogoDegliStatutiMedievali.nsf/de148d287da34e08c1256e4c002f1718/16406f76dc5c79ccc1256fa3005fe38d?OpenDocument","Mijet, Melleda, Melita, Melida, Meleda"
"https://www.senato.it/w3/Biblioteca/catalogoDegliStatutiMedievali.nsf/de148d287da34e08c1256e4c002f1718/1653643f36d0a888c1256f9a0047b26c?OpenDocument","Campagna e Marittima"
"https://www.senato.it/w3/Biblioteca/catalogoDegliStatutiMedievali.nsf/de148d287da34e08c1256e4c002f1718/16932ea892de4302c1256fac00405158?OpenDocument","Sovana"
"https://www.senato.it/w3/Biblioteca/catalogoDegliStatutiMedievali.nsf/de148d287da34e08c1256e4c002f1718/16a70b07578adc41c1256fa3005fbb46?OpenDocument","Lucca di Giupana, Luca di Giuppana"
"https://www.senato.it/w3/Biblioteca/catalogoDegliStatutiMedievali.nsf/de148d287da34e08c1256e4c002f1718/16f485515a34be84c1256f3b004d21e2?OpenDocument","Tenda"
"https://www.senato.it/w3/Biblioteca/catalogoDegliStatutiMedievali.nsf/de148d287da34e08c1256e4c002f1718/171cf05601b5d8f0c1256fa300601976?OpenDocument","Monêtier les Bains, Le Monêtier les Bains"
"https://www.senato.it/w3/Biblioteca/catalogoDegliStatutiMedievali.nsf/de148d287da34e08c1256e4c002f1718/17a29057333191ebc1256fa2005a2ff0?OpenDocument","Ganzanigo (Medicina)"
"https://www.senato.it/w3/Biblioteca/catalogoDegliStatutiMedievali.nsf/de148d287da34e08c1256e4c002f1718/17b746f1dba6f8c2c1256fa300601a7e?OpenDocument","Mongiovino (Panicale)"
"https://www.senato.it/w3/Biblioteca/catalogoDegliStatutiMedievali.nsf/de148d287da34e08c1256e4c002f1718/17d030a7627d2ba1c1256fa40048e88e?OpenDocument","Parlascio e Ceppato (Casciana Terme)"
"https://www.senato.it/w3/Biblioteca/catalogoDegliStatutiMedievali.nsf/de148d287da34e08c1256e4c002f1718/187383c89f42d61ac1256f9a0056e712?OpenDocument","Custoza, Costozza (Longare), Castelcovolo"
"https://www.senato.it/w3/Biblioteca/catalogoDegliStatutiMedievali.nsf/de148d287da34e08c1256e4c002f1718/19564a4cdf16e95cc1256f9a00405a87?OpenDocument","Arcetum, Arceto (Scandiano)"
"https://www.senato.it/w3/Biblioteca/catalogoDegliStatutiMedievali.nsf/de148d287da34e08c1256e4c002f1718/19c00781817b30aec1256fa2005a264f?OpenDocument","Friburgo, Fribourg"
"https://www.senato.it/w3/Biblioteca/catalogoDegliStatutiMedievali.nsf/de148d287da34e08c1256e4c002f1718/19fe85c701cc6185c1256fa2005a5323?OpenDocument","Intrum, Intra (Verbania)"
"https://www.senato.it/w3/Biblioteca/catalogoDegliStatutiMedievali.nsf/de148d287da34e08c1256e4c002f1718/1b4dd12c28798032c1256fac0040220c?OpenDocument","Sant'Agostino"
"https://www.senato.it/w3/Biblioteca/catalogoDegliStatutiMedievali.nsf/de148d287da34e08c1256e4c002f1718/1b8d2877cf9d1e66c1256f9a0042350b?OpenDocument","Billio, Bilio (Bagnone in Lunigiana), Biglio"
"https://www.senato.it/w3/Biblioteca/catalogoDegliStatutiMedievali.nsf/de148d287da34e08c1256e4c002f1718/1bfaf39d9070e47dc1256fa400491ea5?OpenDocument","Popoli"
"https://www.senato.it/w3/Biblioteca/catalogoDegliStatutiMedievali.nsf/de148d287da34e08c1256e4c002f1718/1cfd5f7d530f15f6c1256f9a0049223d?OpenDocument","Cicolano"
"https://www.senato.it/w3/Biblioteca/catalogoDegliStatutiMedievali.nsf/de148d287da34e08c1256e4c002f1718/1d0f52a0f45e8cdbc1256fa3005fe3af?OpenDocument","Mendrisio"
"https://www.senato.it/w3/Biblioteca/catalogoDegliStatutiMedievali.nsf/de148d287da34e08c1256e4c002f1718/1d1c6397f9765195c1256fa40048cd09?OpenDocument","Nozzano (Lucca), Nossanum"
"https://www.senato.it/w3/Biblioteca/catalogoDegliStatutiMedievali.nsf/de148d287da34e08c1256e4c002f1718/1d87bde4bcfb14d6c1256f9a0056f80e?OpenDocument","Dignano d'Istria"
"https://www.senato.it/w3/Biblioteca/catalogoDegliStatutiMedievali.nsf/de148d287da34e08c1256e4c002f1718/1d87c6ecf83cecdec1256fa400490e48?OpenDocument","Pinguente"
"https://www.senato.it/w3/Biblioteca/catalogoDegliStatutiMedievali.nsf/de148d287da34e08c1256e4c002f1718/1d8ba2c6fad86ec8c1256f9a0049196c?OpenDocument","Chianti"
"https://www.senato.it/w3/Biblioteca/catalogoDegliStatutiMedievali.nsf/de148d287da34e08c1256e4c002f1718/1d917651ba2ad8a6c1256f40003d13d0?OpenDocument","Trasimeno (Lago)"
"https://www.senato.it/w3/Biblioteca/catalogoDegliStatutiMedievali.nsf/de148d287da34e08c1256e4c002f1718/1d9d3c10e6979fb5c1256fa400490302?OpenDocument","Pesey"
"https://www.senato.it/w3/Biblioteca/catalogoDegliStatutiMedievali.nsf/de148d287da34e08c1256e4c002f1718/1ddf0c3ba9e6925bc1256fa40048c60f?OpenDocument","Nicola (Ortonovo), Nichola"
"https://www.senato.it/w3/Biblioteca/catalogoDegliStatutiMedievali.nsf/de148d287da34e08c1256e4c002f1718/1e1113ad466ebba9c1256fac003efbce?OpenDocument","Ruvigno, Ruginio, Rubinun, Rovigno, Revigno"
"https://www.senato.it/w3/Biblioteca/catalogoDegliStatutiMedievali.nsf/de148d287da34e08c1256e4c002f1718/1e6932b3eeda4b43c1256fa4004920b6?OpenDocument","Portus Mauritii, Porto Maurizio"
"https://www.senato.it/w3/Biblioteca/catalogoDegliStatutiMedievali.nsf/de148d287da34e08c1256e4c002f1718/1ed4e89070945d94c1256f40005bccc5?OpenDocument","Torri in Val di Pesa"
"https://www.senato.it/w3/Biblioteca/catalogoDegliStatutiMedievali.nsf/de148d287da34e08c1256e4c002f1718/1ff514e1132f6e63c1256f9a0056d667?OpenDocument","Cava dei Tirreni"
"https://www.senato.it/w3/Biblioteca/catalogoDegliStatutiMedievali.nsf/de148d287da34e08c1256e4c002f1718/20285acd5b2419c4c1256fa2005a4b84?OpenDocument","Gravosium, Gravosa"
"https://www.senato.it/w3/Biblioteca/catalogoDegliStatutiMedievali.nsf/de148d287da34e08c1256e4c002f1718/20b09fc51083ef73c1256f9a0056f8ba?OpenDocument","Zaton, Saton, Dolli, Doli"
"https://www.senato.it/w3/Biblioteca/catalogoDegliStatutiMedievali.nsf/de148d287da34e08c1256e4c002f1718/21578c771be0f7c7c1256fa40048d0e9?OpenDocument","Orsera, Orsara dell'Istria"
"https://www.senato.it/w3/Biblioteca/catalogoDegliStatutiMedievali.nsf/de148d287da34e08c1256e4c002f1718/21db7d9c1937e26dc1256f3b004d2c7c?OpenDocument","Tuscinianum, Tossignano (Borgo Tossignano)"
"https://www.senato.it/w3/Biblioteca/catalogoDegliStatutiMedievali.nsf/de148d287da34e08c1256e4c002f1718/227dada3f3929bddc1256fa2005a48e5?OpenDocument","Zuppana, Giuppana, Giupana"
"https://www.senato.it/w3/Biblioteca/catalogoDegliStatutiMedievali.nsf/de148d287da34e08c1256e4c002f1718/245ba854c5579696c1256fa300600a82?OpenDocument","Mocoscizza, Moccosizza"
"https://www.senato.it/w3/Biblioteca/catalogoDegliStatutiMedievali.nsf/de148d287da34e08c1256e4c002f1718/25ad058a3a4b1b9bc1256f9a0047b5f2?OpenDocument","Canali, Canale (Avigliano)"
"https://www.senato.it/w3/Biblioteca/catalogoDegliStatutiMedievali.nsf/de148d287da34e08c1256e4c002f1718/2621d83bbc198b48c125708900344739?OpenDocument","Evian-les-Bains"
"https://www.senato.it/w3/Biblioteca/catalogoDegliStatutiMedievali.nsf/de148d287da34e08c1256e4c002f1718/266024393822e06dc1256f9a0054d0e1?OpenDocument","Collis Scipionis, Collescipoli (Terni)"
"https://www.senato.it/w3/Biblioteca/catalogoDegliStatutiMedievali.nsf/de148d287da34e08c1256e4c002f1718/26d63c82b33c2148c1256fa3005fb170?OpenDocument","Liano (Castel San Pietro Terme)"
"https://www.senato.it/w3/Biblioteca/catalogoDegliStatutiMedievali.nsf/de148d287da34e08c1256e4c002f1718/270e689a53b35551c1256fac00401713?OpenDocument","Sablonum, Sabbion (Cologna Veneta)"
"https://www.senato.it/w3/Biblioteca/catalogoDegliStatutiMedievali.nsf/de148d287da34e08c1256e4c002f1718/27b846bfa93a0766c1256fac00402a98?OpenDocument","San Pietro a Marcigliano (Capannori), Marcilliano"
"https://www.senato.it/w3/Biblioteca/catalogoDegliStatutiMedievali.nsf/de148d287da34e08c1256e4c002f1718/28315147cd390f4cc1256fac00402655?OpenDocument","San Giovanni d'Asso"
"https://www.senato.it/w3/Biblioteca/catalogoDegliStatutiMedievali.nsf/de148d287da34e08c1256e4c002f1718/28bc40b3f4998802c1256fac00401bb5?OpenDocument","Sallanches"
"https://www.senato.it/w3/Biblioteca/catalogoDegliStatutiMedievali.nsf/de148d287da34e08c1256e4c002f1718/28fd921ff4ec776dc1256fa2005a2efa?OpenDocument","Gallignana, Galignana, Galiana"
"https://www.senato.it/w3/Biblioteca/catalogoDegliStatutiMedievali.nsf/de148d287da34e08c1256e4c002f1718/29d177fdb691e393c1256fa300602e86?OpenDocument","Montisi (San Giovanni d'Asso), Mons Isii, Mons Ghisi"
"https://www.senato.it/w3/Biblioteca/catalogoDegliStatutiMedievali.nsf/de148d287da34e08c1256e4c002f1718/2b4319f297518168c1256f9a0056d72c?OpenDocument","Cazzano (Budrio)"
"https://www.senato.it/w3/Biblioteca/catalogoDegliStatutiMedievali.nsf/de148d287da34e08c1256e4c002f1718/2dd94729ef3b433fc1256fa30060291c?OpenDocument","Montepescali (Grosseto), Mons Pescalis"
"https://www.senato.it/w3/Biblioteca/catalogoDegliStatutiMedievali.nsf/de148d287da34e08c1256e4c002f1718/2e107dec1234728ac1256fa2005a474f?OpenDocument","Gex"
"https://www.senato.it/w3/Biblioteca/catalogoDegliStatutiMedievali.nsf/de148d287da34e08c1256e4c002f1718/2f884a2afe192483c1256fa40048c327?OpenDocument","Narbonne, Narbona, Narbo"
"https://www.senato.it/w3/Biblioteca/catalogoDegliStatutiMedievali.nsf/de148d287da34e08c1256e4c002f1718/2fabc47d7507ff82c1256fa40048d2d2?OpenDocument","Ortonovo, Hortinovum"
"https://www.senato.it/w3/Biblioteca/catalogoDegliStatutiMedievali.nsf/de148d287da34e08c1256e4c002f1718/30220b0f78cc0402c1256fa40048cd20?OpenDocument","Nyon"
"https://www.senato.it/w3/Biblioteca/catalogoDegliStatutiMedievali.nsf/de148d287da34e08c1256e4c002f1718/3028a845a91249d3c1256fa3005fe033?OpenDocument","Massalombardorum, Massalombarda"
"https://www.senato.it/w3/Biblioteca/catalogoDegliStatutiMedievali.nsf/de148d287da34e08c1256e4c002f1718/30548fbfa0dc5a44c1256f3b004d37e6?OpenDocument","Tuscia, Patrimonium Beati Petri in Tuscia"
"https://www.senato.it/w3/Biblioteca/catalogoDegliStatutiMedievali.nsf/de148d287da34e08c1256e4c002f1718/30afbaac2bc0d4fec1256fac004027cf?OpenDocument","Sanctus Leoninus in Montibus, San Leolino (Londa)"
"https://www.senato.it/w3/Biblioteca/catalogoDegliStatutiMedievali.nsf/de148d287da34e08c1256e4c002f1718/315cf071b086eeadc1256f3b004d31a7?OpenDocument","Tres"
"https://www.senato.it/w3/Biblioteca/catalogoDegliStatutiMedievali.nsf/de148d287da34e08c1256e4c002f1718/31f282ff1ad8d395c1256fa20059f94e?OpenDocument","Falcinellum, Falcinello (Sarzana)"
"https://www.senato.it/w3/Biblioteca/catalogoDegliStatutiMedievali.nsf/de148d287da34e08c1256e4c002f1718/32d8afe71204e575c1256f9a0056f543?OpenDocument","Cusy en Genevois, Cusy, Cusiacum"
"https://www.senato.it/w3/Biblioteca/catalogoDegliStatutiMedievali.nsf/de148d287da34e08c1256e4c002f1718/32e29ab9bbef23b6c1256f3b004d2b3a?OpenDocument","Tornano (Mercato Saraceno)"
"https://www.senato.it/w3/Biblioteca/catalogoDegliStatutiMedievali.nsf/de148d287da34e08c1256e4c002f1718/3334369e9631f457c1256fa300600951?OpenDocument","Minozzo (Villa Minozzo), Minotium"
"https://www.senato.it/w3/Biblioteca/catalogoDegliStatutiMedievali.nsf/de148d287da34e08c1256e4c002f1718/33387f0671981bfdc1256f9a004273cd?OpenDocument","Bonneville"
"https://www.senato.it/w3/Biblioteca/catalogoDegliStatutiMedievali.nsf/de148d287da34e08c1256e4c002f1718/3393c1bb94b00831c1256f3b004d2bd3?OpenDocument","Turris, Torre Maina (Maranello), Torre, S. Petrus in Insula"
"https://www.senato.it/w3/Biblioteca/catalogoDegliStatutiMedievali.nsf/de148d287da34e08c1256e4c002f1718/353872a1d9414526c1256fa2005a543e?OpenDocument","Irola (Villafranca in Lunigiana)"
"https://www.senato.it/w3/Biblioteca/catalogoDegliStatutiMedievali.nsf/de148d287da34e08c1256e4c002f1718/35639446d19ca5a7c1256fac00403583?OpenDocument","Savello (Albano Laziale), Castel Savelli"
"https://www.senato.it/w3/Biblioteca/catalogoDegliStatutiMedievali.nsf/de148d287da34e08c1256e4c002f1718/35bd86244cefab7cc1256fa400490c95?OpenDocument","Pieve a Molli (Sovicille), Molli"
"https://www.senato.it/w3/Biblioteca/catalogoDegliStatutiMedievali.nsf/de148d287da34e08c1256e4c002f1718/36481383b65bfa30c1256f40003d1baa?OpenDocument","Trevi nell'Umbria, Trebium"
"https://www.senato.it/w3/Biblioteca/catalogoDegliStatutiMedievali.nsf/de148d287da34e08c1256e4c002f1718/368255287264b8cfc1257a70004d2d2e?OpenDocument","Chersum, Cherso"
"https://www.senato.it/w3/Biblioteca/catalogoDegliStatutiMedievali.nsf/de148d287da34e08c1256e4c002f1718/369f1a2488ddfe41c1256f40003cfedc?OpenDocument","Tivenia, Tivegna (Follo)"
"https://www.senato.it/w3/Biblioteca/catalogoDegliStatutiMedievali.nsf/de148d287da34e08c1256e4c002f1718/36b9933e6afef1cdc1256fa40048d6de?OpenDocument","Ossola Inferiore"
"https://www.senato.it/w3/Biblioteca/catalogoDegliStatutiMedievali.nsf/de148d287da34e08c1256e4c002f1718/3751a556239286adc1256fa30060156c?OpenDocument","Monaco (Principato)"
"https://www.senato.it/w3/Biblioteca/catalogoDegliStatutiMedievali.nsf/de148d287da34e08c1256e4c002f1718/37ae25377aedc02fc1256fa2005a54d1?OpenDocument","Valle Siliciana, Valle Siciliana, Valle Mavone, Isula, Isola del Gran Sasso"
"https://www.senato.it/w3/Biblioteca/catalogoDegliStatutiMedievali.nsf/de148d287da34e08c1256e4c002f1718/37e5f4b51cac82cfc1256f9a004223b7?OpenDocument","Ballon-en-Bugey"
"https://www.senato.it/w3/Biblioteca/catalogoDegliStatutiMedievali.nsf/de148d287da34e08c1256e4c002f1718/381c78a2b9655edcc1256f9a0042285e?OpenDocument","Bastita, Bastia"
"https://www.senato.it/w3/Biblioteca/catalogoDegliStatutiMedievali.nsf/de148d287da34e08c1256e4c002f1718/3a90eb12e1593481c1256f9a0047ce3e?OpenDocument","Castelfranco"
"https://www.senato.it/w3/Biblioteca/catalogoDegliStatutiMedievali.nsf/de148d287da34e08c1256e4c002f1718/3b271c7bf985dfb6c1256fa3006030f4?OpenDocument","Mosso Santa Maria"
"https://www.senato.it/w3/Biblioteca/catalogoDegliStatutiMedievali.nsf/de148d287da34e08c1256e4c002f1718/3da20716553b07cfc1256fa40048e24b?OpenDocument","Pago"
"https://www.senato.it/w3/Biblioteca/catalogoDegliStatutiMedievali.nsf/de148d287da34e08c1256e4c002f1718/407736882e307447c1256f9a0047bd2a?OpenDocument","Cappella (Seravezza)"
"https://www.senato.it/w3/Biblioteca/catalogoDegliStatutiMedievali.nsf/de148d287da34e08c1256e4c002f1718/40b1dd4359060a0bc1256fa300601f71?OpenDocument","Montecalvo (San Giuliano di Puglia), Mons Calvus"
"https://www.senato.it/w3/Biblioteca/catalogoDegliStatutiMedievali.nsf/de148d287da34e08c1256e4c002f1718/40b4482454250ff4c1256f3b004d31c4?OpenDocument","Treschietto (Bagnone in Lunigiana), Traschietum, Traschiettum, Traschieto"
"https://www.senato.it/w3/Biblioteca/catalogoDegliStatutiMedievali.nsf/de148d287da34e08c1256e4c002f1718/40dd4554b9748c1cc1256f3b004d1ff4?OpenDocument","Taninges"
"https://www.senato.it/w3/Biblioteca/catalogoDegliStatutiMedievali.nsf/de148d287da34e08c1256e4c002f1718/416d3112176853a2c1256fa80054241b?OpenDocument","Albissola, Albisola Marina, Albisola"
"https://www.senato.it/w3/Biblioteca/catalogoDegliStatutiMedievali.nsf/de148d287da34e08c1256e4c002f1718/4176a821e0465295c1256f9a0047cc9c?OpenDocument","Castelcorno (Isera)"
"https://www.senato.it/w3/Biblioteca/catalogoDegliStatutiMedievali.nsf/de148d287da34e08c1256e4c002f1718/41eedfd519bc1a8fc1256fac003f1e0f?OpenDocument","Romagna"
"https://www.senato.it/w3/Biblioteca/catalogoDegliStatutiMedievali.nsf/de148d287da34e08c1256e4c002f1718/41f6639a1b9f025dc1256f9a0056d788?OpenDocument","Ciecina, Cecina (Larciano), Cecina di Lamporecchio"
"https://www.senato.it/w3/Biblioteca/catalogoDegliStatutiMedievali.nsf/de148d287da34e08c1256e4c002f1718/4244419762c2b149c1256fa2005a1e69?OpenDocument","Flumen sancti Viti in Liburnia, Fiume S. Vito, Fiume"
"https://www.senato.it/w3/Biblioteca/catalogoDegliStatutiMedievali.nsf/de148d287da34e08c1256e4c002f1718/42c24ba1c7b6fd0dc1256fac004024b4?OpenDocument","Sanctus Florentius, San Fiorenzo, Saint-Florent"
"https://www.senato.it/w3/Biblioteca/catalogoDegliStatutiMedievali.nsf/de148d287da34e08c1256e4c002f1718/42f3ec4fc0106caac1256fa3005fcee7?OpenDocument","Malgrate (Villafranca in Lunigiana)"
"https://www.senato.it/w3/Biblioteca/catalogoDegliStatutiMedievali.nsf/de148d287da34e08c1256e4c002f1718/433a25c697a5b543c1256fa400491aaa?OpenDocument","Puola, Pola"
"https://www.senato.it/w3/Biblioteca/catalogoDegliStatutiMedievali.nsf/de148d287da34e08c1256e4c002f1718/43c2949633db51f3c1256fa3005fc6ee?OpenDocument","Lullin"
"https://www.senato.it/w3/Biblioteca/catalogoDegliStatutiMedievali.nsf/de148d287da34e08c1256e4c002f1718/43ff5d2f05dbf23cc125708b0045da5e?OpenDocument","Ginevra"
"https://www.senato.it/w3/Biblioteca/catalogoDegliStatutiMedievali.nsf/de148d287da34e08c1256e4c002f1718/446b66b676885475c1258bf00038fb99?OpenDocument","Valtellina, Vallis Tellina"
"https://www.senato.it/w3/Biblioteca/catalogoDegliStatutiMedievali.nsf/de148d287da34e08c1256e4c002f1718/447e5e4469776107c1256fac003eeb07?OpenDocument","Reviliasco, Revigliasco Torinese"
"https://www.senato.it/w3/Biblioteca/catalogoDegliStatutiMedievali.nsf/de148d287da34e08c1256e4c002f1718/450972484900bb77c1256f9a0054ce58?OpenDocument","Colla, Coldirodi (Ospedaletti)"
"https://www.senato.it/w3/Biblioteca/catalogoDegliStatutiMedievali.nsf/de148d287da34e08c1256e4c002f1718/45322dfce4c91088c1256fa3005fdd21?OpenDocument","Marlia (Capannori)"
"https://www.senato.it/w3/Biblioteca/catalogoDegliStatutiMedievali.nsf/de148d287da34e08c1256e4c002f1718/4567827937938c49c1256f9a0047b2f3?OpenDocument","Campiglio (Vignola)"
"https://www.senato.it/w3/Biblioteca/catalogoDegliStatutiMedievali.nsf/de148d287da34e08c1256e4c002f1718/45840a59880a6347c1256f3b004d318d?OpenDocument","Treppo Carnico"
"https://www.senato.it/w3/Biblioteca/catalogoDegliStatutiMedievali.nsf/de148d287da34e08c1256e4c002f1718/45be3b469cf9b443c1256fa3005ee21d?OpenDocument","Lagneux"
"https://www.senato.it/w3/Biblioteca/catalogoDegliStatutiMedievali.nsf/de148d287da34e08c1256e4c002f1718/4613701fea8ba390c1256fac00405085?OpenDocument","Solighetum, Solighetto (Pieve di Soligo), Soligetto"
"https://www.senato.it/w3/Biblioteca/catalogoDegliStatutiMedievali.nsf/de148d287da34e08c1256e4c002f1718/467087fa628aca98c1256fac0040225f?OpenDocument","Sant'Andrea in Selci"
"https://www.senato.it/w3/Biblioteca/catalogoDegliStatutiMedievali.nsf/de148d287da34e08c1256e4c002f1718/46b9e29e7a59ed1cc1256f9a0054de9d?OpenDocument","Conco, Comco"
"https://www.senato.it/w3/Biblioteca/catalogoDegliStatutiMedievali.nsf/de148d287da34e08c1256e4c002f1718/46d9fca1fa63c679c1256f9a004234c2?OpenDocument","Buguntum, Bigoncio (Inverigo)"
"https://www.senato.it/w3/Biblioteca/catalogoDegliStatutiMedievali.nsf/de148d287da34e08c1256e4c002f1718/4757af974c81fe96c1256fa40048f071?OpenDocument","Pavana (Sambuca Pistoiese), Pavana Pistoiese"
"https://www.senato.it/w3/Biblioteca/catalogoDegliStatutiMedievali.nsf/de148d287da34e08c1256e4c002f1718/476062e8895baac9c1256f9a0047cade?OpenDocument","Casurcium, Casorzo"
"https://www.senato.it/w3/Biblioteca/catalogoDegliStatutiMedievali.nsf/de148d287da34e08c1256e4c002f1718/47944f891b17a520c1256f3b004d3791?OpenDocument","Troiana (Arco)"
"https://www.senato.it/w3/Biblioteca/catalogoDegliStatutiMedievali.nsf/de148d287da34e08c1256e4c002f1718/47e0d8b08e80f841c1256fac0040298b?OpenDocument","Sanctus Martinus in Converseto, San Martino in Converseto (Borghi)"
"https://www.senato.it/w3/Biblioteca/catalogoDegliStatutiMedievali.nsf/de148d287da34e08c1256e4c002f1718/481349a8a4dc7781c1256f9a0042239d?OpenDocument","Baldaria (Cologna Veneta)"
"https://www.senato.it/w3/Biblioteca/catalogoDegliStatutiMedievali.nsf/de148d287da34e08c1256e4c002f1718/4888856b07180d60c1256fa3005fb7af?OpenDocument","Lonatum, Lonato, Lonadum, Leonatum"
"https://www.senato.it/w3/Biblioteca/catalogoDegliStatutiMedievali.nsf/de148d287da34e08c1256e4c002f1718/488a7948c6b37d99c1256fa2005a5557?OpenDocument","Istria"
"https://www.senato.it/w3/Biblioteca/catalogoDegliStatutiMedievali.nsf/de148d287da34e08c1256e4c002f1718/48b136ff8dd2847ec1256f3b004d1fe9?OpenDocument","Tallano"
"https://www.senato.it/w3/Biblioteca/catalogoDegliStatutiMedievali.nsf/de148d287da34e08c1256e4c002f1718/49a8817c837eb0a9c1256fa40048f7d6?OpenDocument","Peyre, Pera (Istanbul)"
"https://www.senato.it/w3/Biblioteca/catalogoDegliStatutiMedievali.nsf/de148d287da34e08c1256e4c002f1718/4a53fff0ea84cb3ec1256fac004051d5?OpenDocument","Split, Spalatum, Spalato"
"https://www.senato.it/w3/Biblioteca/catalogoDegliStatutiMedievali.nsf/de148d287da34e08c1256e4c002f1718/4b5ecc8c79132922c1256f9a0047c854?OpenDocument","Cascina (Scandicci)"
"https://www.senato.it/w3/Biblioteca/catalogoDegliStatutiMedievali.nsf/de148d287da34e08c1256e4c002f1718/4b72b08f7c7f79fdc1256fa3005fc572?OpenDocument","Luceramum, Lucerame, Luceràm"
"https://www.senato.it/w3/Biblioteca/catalogoDegliStatutiMedievali.nsf/de148d287da34e08c1256e4c002f1718/4cbadde686e085aec1256fa3005fc7e3?OpenDocument","Luxolum, Lusuolo (Mulazzo), Lusolo, Lusollo"
"https://www.senato.it/w3/Biblioteca/catalogoDegliStatutiMedievali.nsf/de148d287da34e08c1256e4c002f1718/4ccb1c48efa2f3cdc1256fac003ef38f?OpenDocument","Rocca di Corno (Antrodoco)"
"https://www.senato.it/w3/Biblioteca/catalogoDegliStatutiMedievali.nsf/de148d287da34e08c1256e4c002f1718/4d6c5ec52ed67c4cc1256fa3005fb10c?OpenDocument","Le Brozze, Brozze, Broza"
"https://www.senato.it/w3/Biblioteca/catalogoDegliStatutiMedievali.nsf/de148d287da34e08c1256e4c002f1718/4d88d8091ffd4518c1256fa300601bcb?OpenDocument","Montagni"
"https://www.senato.it/w3/Biblioteca/catalogoDegliStatutiMedievali.nsf/de148d287da34e08c1256e4c002f1718/4db35d54c02b2a1ac1256f9a0040530b?OpenDocument","Allinges"
"https://www.senato.it/w3/Biblioteca/catalogoDegliStatutiMedievali.nsf/de148d287da34e08c1256e4c002f1718/4e1157521c0f4d7ec1256f9a0054e183?OpenDocument","San Gemignano di Controne, San Casciano di Controne, Pieve di Controne, Controni, Controne (Bagni di Lucca)"
"https://www.senato.it/w3/Biblioteca/catalogoDegliStatutiMedievali.nsf/de148d287da34e08c1256e4c002f1718/4f697b72c7b9563ec125708900342aad?OpenDocument","Estavayer-le-Lac"
"https://www.senato.it/w3/Biblioteca/catalogoDegliStatutiMedievali.nsf/de148d287da34e08c1256e4c002f1718/4f7f7b9bc6ac0603c1256fac004054ca?OpenDocument","Villa Stifone, Stifone (Narni)"
"https://www.senato.it/w3/Biblioteca/catalogoDegliStatutiMedievali.nsf/de148d287da34e08c1256e4c002f1718/5074e2fe733b97cac1256fac00402bf0?OpenDocument","San Salvatore Maggiore (Concerviano)"
"https://www.senato.it/w3/Biblioteca/catalogoDegliStatutiMedievali.nsf/de148d287da34e08c1256e4c002f1718/50df2dce563b3287c1256f9a004272af?OpenDocument","Bonifacium, Bonifacio"
"https://www.senato.it/w3/Biblioteca/catalogoDegliStatutiMedievali.nsf/de148d287da34e08c1256e4c002f1718/514e44a73a122dfec1256f9a0056f443?OpenDocument","Curzula, Curzola, Cursola"
"https://www.senato.it/w3/Biblioteca/catalogoDegliStatutiMedievali.nsf/de148d287da34e08c1256e4c002f1718/519e9a542fa3f91fc1256fa40048cf65?OpenDocument","Ordonnaz"
"https://www.senato.it/w3/Biblioteca/catalogoDegliStatutiMedievali.nsf/de148d287da34e08c1256e4c002f1718/5235a335f3fdfcf3c1256f9a004050a7?OpenDocument","Alvona, Albona"
"https://www.senato.it/w3/Biblioteca/catalogoDegliStatutiMedievali.nsf/de148d287da34e08c1256e4c002f1718/5246365c7d92c59ec1256f3b004d20b3?OpenDocument","Tassullo"
"https://www.senato.it/w3/Biblioteca/catalogoDegliStatutiMedievali.nsf/de148d287da34e08c1256e4c002f1718/525431f2ebbd311ec1256fa400490b4f?OpenDocument","Planum, Piano, Pian del Voglio (San Benedetto Val di Sambro)"
"https://www.senato.it/w3/Biblioteca/catalogoDegliStatutiMedievali.nsf/de148d287da34e08c1256e4c002f1718/52c6e95dc5b159fbc1256fa300602bda?OpenDocument","Monte Lagello (Marsciano), Monslagelli, Mons Agellionis"
"https://www.senato.it/w3/Biblioteca/catalogoDegliStatutiMedievali.nsf/de148d287da34e08c1256e4c002f1718/52f0233e68968a9ec1256fac00401eae?OpenDocument","Sambucina (Luzzi)"
"https://www.senato.it/w3/Biblioteca/catalogoDegliStatutiMedievali.nsf/de148d287da34e08c1256e4c002f1718/536e604b7788677cc1256f9a0054d091?OpenDocument","Collispacti, Collepatti e Castelluccio (Castelfiorentino)"
"https://www.senato.it/w3/Biblioteca/catalogoDegliStatutiMedievali.nsf/de148d287da34e08c1256e4c002f1718/53fa32342decb7f4c1256f9a00427fce?OpenDocument","Monte di Brianza, Mons Briantie, Brianza, Briantia"
"https://www.senato.it/w3/Biblioteca/catalogoDegliStatutiMedievali.nsf/de148d287da34e08c1256e4c002f1718/54488eba526af6a5c1256fa2005a2629?OpenDocument","Frisonaria, Fregionaia (Lucca)"
"https://www.senato.it/w3/Biblioteca/catalogoDegliStatutiMedievali.nsf/de148d287da34e08c1256e4c002f1718/5504d39a3453d1e7c1256fa2005a4bee?OpenDocument","Groppello Lomellino, Groppello Cairoli"
"https://www.senato.it/w3/Biblioteca/catalogoDegliStatutiMedievali.nsf/de148d287da34e08c1256e4c002f1718/552cf8234e4bc681c1256fa3005ee6f3?OpenDocument","La Chambre"
"https://www.senato.it/w3/Biblioteca/catalogoDegliStatutiMedievali.nsf/de148d287da34e08c1256e4c002f1718/556cb1157b42045fc1256f9a0047e00b?OpenDocument","Cesi (Terni), Cese, Caesae"
"https://www.senato.it/w3/Biblioteca/catalogoDegliStatutiMedievali.nsf/de148d287da34e08c1256e4c002f1718/565a8cf33935c0c7c1256fa2005a1eeb?OpenDocument","Flumet"
"https://www.senato.it/w3/Biblioteca/catalogoDegliStatutiMedievali.nsf/de148d287da34e08c1256e4c002f1718/56aab5b5bd1f3ee4c1256f9a00404eed?OpenDocument","Ajaccio"
"https://www.senato.it/w3/Biblioteca/catalogoDegliStatutiMedievali.nsf/de148d287da34e08c1256e4c002f1718/56dd873d8cdcc382c1256f9a00405d39?OpenDocument","Arvigo, Arvichum"
"https://www.senato.it/w3/Biblioteca/catalogoDegliStatutiMedievali.nsf/de148d287da34e08c1256e4c002f1718/5777889f6c4fc313c1256fac004034e1?OpenDocument","Saxo, Sasso Iddiano (Pavullo nel Frignano), Sasso di Camorana"
"https://www.senato.it/w3/Biblioteca/catalogoDegliStatutiMedievali.nsf/de148d287da34e08c1256e4c002f1718/57d4acb67d4b830ac1256f9a0054e3ec?OpenDocument","Castrocaro"
"https://www.senato.it/w3/Biblioteca/catalogoDegliStatutiMedievali.nsf/de148d287da34e08c1256e4c002f1718/5833b998ea5a9a07c1256f9a0047ae11?OpenDocument","Calcione (Lucignano)"
"https://www.senato.it/w3/Biblioteca/catalogoDegliStatutiMedievali.nsf/de148d287da34e08c1256e4c002f1718/58a5e9c701d7fe08c1256fa400491b6a?OpenDocument","Policinium, Polesine, Polesene"
"https://www.senato.it/w3/Biblioteca/catalogoDegliStatutiMedievali.nsf/de148d287da34e08c1256e4c002f1718/5915a4e59af91eebc1256fac003ef575?OpenDocument","Rocchette (Torri in Sabina)"
"https://www.senato.it/w3/Biblioteca/catalogoDegliStatutiMedievali.nsf/de148d287da34e08c1256e4c002f1718/5a11460709942b1fc1256fa2005a4c0a?OpenDocument","Groppoli (Mulazzo)"
"https://www.senato.it/w3/Biblioteca/catalogoDegliStatutiMedievali.nsf/de148d287da34e08c1256e4c002f1718/5a3d02ed204c2e80c1256f9a004228cd?OpenDocument","Belforte (Radicondoli)"
"https://www.senato.it/w3/Biblioteca/catalogoDegliStatutiMedievali.nsf/de148d287da34e08c1256e4c002f1718/5b547fa019bbb530c1256f9a004921e1?OpenDocument","Zigognaria, Cicognara (Viadana), Cecognaria"
"https://www.senato.it/w3/Biblioteca/catalogoDegliStatutiMedievali.nsf/de148d287da34e08c1256e4c002f1718/5b59e79e4d1aad4fc1256fa3005ee240?OpenDocument","Lastovo, Lastobon, Lagusta, Lagosta, Ladestris, Celadussa"
"https://www.senato.it/w3/Biblioteca/catalogoDegliStatutiMedievali.nsf/de148d287da34e08c1256e4c002f1718/5bc6dd8267943488c1256fa3005fcf24?OpenDocument","Malpaga (Calvisano)"
"https://www.senato.it/w3/Biblioteca/catalogoDegliStatutiMedievali.nsf/de148d287da34e08c1256e4c002f1718/5c300523473a2a0ec1256f9a004234ac?OpenDocument","Bigarello, Bigarellium"
"https://www.senato.it/w3/Biblioteca/catalogoDegliStatutiMedievali.nsf/de148d287da34e08c1256e4c002f1718/5cef85add04e0bb3c1256f9a0056fc62?OpenDocument","Donoratico (Castagneto Carducci), Donoratichum"
"https://www.senato.it/w3/Biblioteca/catalogoDegliStatutiMedievali.nsf/de148d287da34e08c1256e4c002f1718/5d2554e356fbd5b0c1256f9a00405355?OpenDocument","Allondaz"
"https://www.senato.it/w3/Biblioteca/catalogoDegliStatutiMedievali.nsf/de148d287da34e08c1256e4c002f1718/5d52ec7e908f046dc1256fa3005c67e2?OpenDocument","Mezzo, Isola di Mezzo"
"https://www.senato.it/w3/Biblioteca/catalogoDegliStatutiMedievali.nsf/de148d287da34e08c1256e4c002f1718/5db39a8866459a43c1256f9a0047bf1a?OpenDocument","Carda (Apecchio)"
"https://www.senato.it/w3/Biblioteca/catalogoDegliStatutiMedievali.nsf/de148d287da34e08c1256e4c002f1718/5dd3587fd3383dabc1256f9a00405849?OpenDocument","Angarano (Bassano del Grappa)"
"https://www.senato.it/w3/Biblioteca/catalogoDegliStatutiMedievali.nsf/de148d287da34e08c1256e4c002f1718/5de222390fb1a8e9c1256fa3005ee6e3?OpenDocument","Lazio"
"https://www.senato.it/w3/Biblioteca/catalogoDegliStatutiMedievali.nsf/de148d287da34e08c1256e4c002f1718/5dfb05229b731f7dc1256fa300689628?OpenDocument","Massaciuccoli (Massarosa)"
"https://www.senato.it/w3/Biblioteca/catalogoDegliStatutiMedievali.nsf/de148d287da34e08c1256e4c002f1718/5e2be78d33060965c1256fa40048c673?OpenDocument","Nizza Marittima, Nizza Ligure, Nizza, Nicia"
"https://www.senato.it/w3/Biblioteca/catalogoDegliStatutiMedievali.nsf/de148d287da34e08c1256e4c002f1718/602ca48ac9d0d8d0c1256fa300602c84?OpenDocument","Monte Vibiano Nuovo (Marsciano), Mercatello di monte Ubiano"
"https://www.senato.it/w3/Biblioteca/catalogoDegliStatutiMedievali.nsf/de148d287da34e08c1256e4c002f1718/6091e6e6489acc89c1256f9a0047a626?OpenDocument","Cadubrium, Cadore"
"https://www.senato.it/w3/Biblioteca/catalogoDegliStatutiMedievali.nsf/de148d287da34e08c1256e4c002f1718/6107b25d7d9c058dc1256f9a0047bdc7?OpenDocument","Caprigliola (Aulla)"
"https://www.senato.it/w3/Biblioteca/catalogoDegliStatutiMedievali.nsf/de148d287da34e08c1256e4c002f1718/6139310d86e20ad2c1256f40003d03b0?OpenDocument","Torcellum, Torcello"
"https://www.senato.it/w3/Biblioteca/catalogoDegliStatutiMedievali.nsf/de148d287da34e08c1256e4c002f1718/63269fc2c837c8f3c1256fac003ef4a2?OpenDocument","Rocca Sigillina (Filattiera)"
"https://www.senato.it/w3/Biblioteca/catalogoDegliStatutiMedievali.nsf/de148d287da34e08c1256e4c002f1718/6365485717c8e3c5c1256fa2005a2dbe?OpenDocument","Gaiche (Piegaro), Castrum Galcorum"
"https://www.senato.it/w3/Biblioteca/catalogoDegliStatutiMedievali.nsf/de148d287da34e08c1256e4c002f1718/63c068a27ed2bafdc1256f9a0047af4c?OpenDocument","Calmasino (Bardolino)"
"https://www.senato.it/w3/Biblioteca/catalogoDegliStatutiMedievali.nsf/de148d287da34e08c1256e4c002f1718/63dd680b1cf827c7c1256f9a0047bbe9?OpenDocument","Cantalupus, Cantalupo del Sannio"
"https://www.senato.it/w3/Biblioteca/catalogoDegliStatutiMedievali.nsf/de148d287da34e08c1256e4c002f1718/64b6786bba422a80c1256f9a004282ad?OpenDocument","Budrie (San Giovanni in Persiceto)"
"https://www.senato.it/w3/Biblioteca/catalogoDegliStatutiMedievali.nsf/de148d287da34e08c1256e4c002f1718/654e8f822f27eed0c1256fa30060327e?OpenDocument","Murano (Venezia)"
"https://www.senato.it/w3/Biblioteca/catalogoDegliStatutiMedievali.nsf/de148d287da34e08c1256e4c002f1718/65519cea176c9c8bc1256f9a004065c3?OpenDocument","Badia (Castiglione del Lago)"
"https://www.senato.it/w3/Biblioteca/catalogoDegliStatutiMedievali.nsf/de148d287da34e08c1256e4c002f1718/65aa13b3e6791631c1256f9a0047c09d?OpenDocument","Carona e Ciona"
"https://www.senato.it/w3/Biblioteca/catalogoDegliStatutiMedievali.nsf/de148d287da34e08c1256e4c002f1718/65da26f2cf8c4ba3c1256fa300689636?OpenDocument","Massafiscaglia, Massa Phiscalia, Massa Nova Phisacaliae, Massa Nova di Fiscaglia"
"https://www.senato.it/w3/Biblioteca/catalogoDegliStatutiMedievali.nsf/de148d287da34e08c1256e4c002f1718/660278410fa462fdc1256fa20059fbed?OpenDocument","Farnetella (Sinalunga)"
"https://www.senato.it/w3/Biblioteca/catalogoDegliStatutiMedievali.nsf/de148d287da34e08c1256e4c002f1718/6610f0bd80a0266bc1256fa2005a0715?OpenDocument","Filetto (Villafranca in Lunigiana)"
"https://www.senato.it/w3/Biblioteca/catalogoDegliStatutiMedievali.nsf/de148d287da34e08c1256e4c002f1718/663d27bcddca16ffc1256fa3005fb544?OpenDocument","Luggarus, Lugarus, Luccaro, Locarno"
"https://www.senato.it/w3/Biblioteca/catalogoDegliStatutiMedievali.nsf/de148d287da34e08c1256e4c002f1718/66da69e7acb467b8c1256fac0040268e?OpenDocument","San Giovanni in Galilea (Borghi)"
"https://www.senato.it/w3/Biblioteca/catalogoDegliStatutiMedievali.nsf/de148d287da34e08c1256e4c002f1718/672f63923c37d137c1256f9a0047ca66?OpenDocument","Caxorate, Casorate, Casolate"
"https://www.senato.it/w3/Biblioteca/catalogoDegliStatutiMedievali.nsf/de148d287da34e08c1256e4c002f1718/6870004dcebfb31cc1256fac003ef958?OpenDocument","Rota (Tolfa)"
"https://www.senato.it/w3/Biblioteca/catalogoDegliStatutiMedievali.nsf/de148d287da34e08c1256e4c002f1718/6989570396a55a26c125708900338ce1?OpenDocument","Corfù"
"https://www.senato.it/w3/Biblioteca/catalogoDegliStatutiMedievali.nsf/de148d287da34e08c1256e4c002f1718/69f1c7c438743979c1256f9a00423623?OpenDocument","Stalla, Bivio"
"https://www.senato.it/w3/Biblioteca/catalogoDegliStatutiMedievali.nsf/de148d287da34e08c1256e4c002f1718/69fa89e5d743f2b0c1256fa300601548?OpenDocument","Monaco, Castrum Monachi, Castel Monaco"
"https://www.senato.it/w3/Biblioteca/catalogoDegliStatutiMedievali.nsf/de148d287da34e08c1256e4c002f1718/6a9899feed212cbdc1256fa3005fcd3b?OpenDocument","Ponte a Macereto, Maciaretum, Macereto (Monticiano)"
"https://www.senato.it/w3/Biblioteca/catalogoDegliStatutiMedievali.nsf/de148d287da34e08c1256e4c002f1718/6aef44312fb6a78dc1256fac00403d41?OpenDocument","Senj, Segnia, Segna"
"https://www.senato.it/w3/Biblioteca/catalogoDegliStatutiMedievali.nsf/de148d287da34e08c1256e4c002f1718/6b45785b8660caa2c1256fa3006022ce?OpenDocument","Montefegatese (Bagni di Lucca)"
"https://www.senato.it/w3/Biblioteca/catalogoDegliStatutiMedievali.nsf/de148d287da34e08c1256e4c002f1718/6b4a4e4f990edf28c1256fa3005fc779?OpenDocument","Luni (Ortonovo)"
"https://www.senato.it/w3/Biblioteca/catalogoDegliStatutiMedievali.nsf/de148d287da34e08c1256e4c002f1718/6b80acb21383a27cc1256f9a004922d0?OpenDocument","Lacima, Cima (Porlezza)"
"https://www.senato.it/w3/Biblioteca/catalogoDegliStatutiMedievali.nsf/de148d287da34e08c1256e4c002f1718/6c0888dc580d2e5bc1256fa3005c6553?OpenDocument","Guzo, Gozo"
"https://www.senato.it/w3/Biblioteca/catalogoDegliStatutiMedievali.nsf/de148d287da34e08c1256e4c002f1718/6c2af6e354120023c1256f9a0047d3dc?OpenDocument","Castel di Lago (Arrone)"
"https://www.senato.it/w3/Biblioteca/catalogoDegliStatutiMedievali.nsf/de148d287da34e08c1256e4c002f1718/6c992a34f09ca18ec1256fac00402176?OpenDocument","Sant'Agata di Reggio"
"https://www.senato.it/w3/Biblioteca/catalogoDegliStatutiMedievali.nsf/de148d287da34e08c1256e4c002f1718/6d26fe65cc7a6b02c1256fa300603168?OpenDocument","Moudon, Meldunum"
"https://www.senato.it/w3/Biblioteca/catalogoDegliStatutiMedievali.nsf/de148d287da34e08c1256e4c002f1718/6df7bbbc6d5ffde1c1256faf0038002a?OpenDocument","Baugé, Bâgé-Le-Châtel"
"https://www.senato.it/w3/Biblioteca/catalogoDegliStatutiMedievali.nsf/de148d287da34e08c1256e4c002f1718/6e11b3b8f3a163ffc1256fac004019cc?OpenDocument","Saint Maurice (Valais)"
"https://www.senato.it/w3/Biblioteca/catalogoDegliStatutiMedievali.nsf/de148d287da34e08c1256e4c002f1718/6e8503202ac9d9ebc1256fac00401f46?OpenDocument","Sanctus Petrus, Sampéyre, Sampeire"
"https://www.senato.it/w3/Biblioteca/catalogoDegliStatutiMedievali.nsf/de148d287da34e08c1256e4c002f1718/6eeff0703e5c057ac1256fa2005a5486?OpenDocument","Isola d'Istria"
"https://www.senato.it/w3/Biblioteca/catalogoDegliStatutiMedievali.nsf/de148d287da34e08c1256e4c002f1718/6f0f16cce4f2301dc1256fa400491e74?OpenDocument","Pont-de-Vaux"
"https://www.senato.it/w3/Biblioteca/catalogoDegliStatutiMedievali.nsf/de148d287da34e08c1256e4c002f1718/6fcefca71782969cc1256fac004034c8?OpenDocument","Saxum Corvarium, Sassocorvaro"
"https://www.senato.it/w3/Biblioteca/catalogoDegliStatutiMedievali.nsf/de148d287da34e08c1256e4c002f1718/705831ddddb8b1f5c1256f3b004d2112?OpenDocument","Thavodo, Tavodo (San Lorenzo Dorsino)"
"https://www.senato.it/w3/Biblioteca/catalogoDegliStatutiMedievali.nsf/de148d287da34e08c1256e4c002f1718/70781a768e3f22ecc1256f9a0049198c?OpenDocument","Chiarentana (Chianciano Terme), Chiarantana"
"https://www.senato.it/w3/Biblioteca/catalogoDegliStatutiMedievali.nsf/de148d287da34e08c1256e4c002f1718/70956d4a706d076dc1256f9a0042772a?OpenDocument","Bozzano (Mazzarosa), Bozano"
"https://www.senato.it/w3/Biblioteca/catalogoDegliStatutiMedievali.nsf/de148d287da34e08c1256e4c002f1718/709edec84b28b656c1256f9a0047c91b?OpenDocument","Settimo (piviere), Casellina (Scandicci)"
"https://www.senato.it/w3/Biblioteca/catalogoDegliStatutiMedievali.nsf/de148d287da34e08c1256e4c002f1718/70bcd3e83d37e38fc1256fa2005a4ae1?OpenDocument","Gragnola (Fosdinovo)"
"https://www.senato.it/w3/Biblioteca/catalogoDegliStatutiMedievali.nsf/de148d287da34e08c1256e4c002f1718/70c6ae1964484c0ec1256f9a004234fa?OpenDocument","Biguglia"
"https://www.senato.it/w3/Biblioteca/catalogoDegliStatutiMedievali.nsf/de148d287da34e08c1256e4c002f1718/7152bdd1ec254a27c1256f9a004059c5?OpenDocument","Arbi, Arbe"
"https://www.senato.it/w3/Biblioteca/catalogoDegliStatutiMedievali.nsf/de148d287da34e08c1256e4c002f1718/721a61a1fbda4545c1256fa400490ec0?OpenDocument","Piranum, Pirano"
"https://www.senato.it/w3/Biblioteca/catalogoDegliStatutiMedievali.nsf/de148d287da34e08c1256e4c002f1718/7246e9c06d4c0df7c1256fac004023b4?OpenDocument","San Cassiano (Imola)"
"https://www.senato.it/w3/Biblioteca/catalogoDegliStatutiMedievali.nsf/de148d287da34e08c1256e4c002f1718/72c6c4d91a5c61a5c1256fa3005ee789?OpenDocument","Léaz"
"https://www.senato.it/w3/Biblioteca/catalogoDegliStatutiMedievali.nsf/de148d287da34e08c1256e4c002f1718/74371fad159f6895c1256fac00405493?OpenDocument","Stevanacum, Stevanachum, Stephanagum, Stefanago (Staghiglione, fraz. di Borgo Priolo)"
"https://www.senato.it/w3/Biblioteca/catalogoDegliStatutiMedievali.nsf/de148d287da34e08c1256e4c002f1718/74c7dc3dcb58add2c1256fac0040302c?OpenDocument","Sant'Ospizio, Saint'Hospice (Villefranche sur Mer)"
"https://www.senato.it/w3/Biblioteca/catalogoDegliStatutiMedievali.nsf/de148d287da34e08c1256e4c002f1718/75242087302afb74c1256f9a0054e16e?OpenDocument","Conthey"
"https://www.senato.it/w3/Biblioteca/catalogoDegliStatutiMedievali.nsf/de148d287da34e08c1256e4c002f1718/75b74eb4f33443cac1256f9a00427897?OpenDocument","Brando"
"https://www.senato.it/w3/Biblioteca/catalogoDegliStatutiMedievali.nsf/de148d287da34e08c1256e4c002f1718/75c1a1aff6715961c1256f3b004d2220?OpenDocument","Trilacum, Terlago, Terlacum"
"https://www.senato.it/w3/Biblioteca/catalogoDegliStatutiMedievali.nsf/de148d287da34e08c1256e4c002f1718/7644a1b02015b9a0c1256fa2005a485f?OpenDocument","Giuvianum, Gioviano (Borgo a Mozzano)"
"https://www.senato.it/w3/Biblioteca/catalogoDegliStatutiMedievali.nsf/de148d287da34e08c1256e4c002f1718/7677fcbfc968a8abc1256fa3005fbb0d?OpenDocument","Loyes"
"https://www.senato.it/w3/Biblioteca/catalogoDegliStatutiMedievali.nsf/de148d287da34e08c1256e4c002f1718/76f087c7a9cd720ec1256f9a004223ca?OpenDocument","Barbana d'Istria"
"https://www.senato.it/w3/Biblioteca/catalogoDegliStatutiMedievali.nsf/de148d287da34e08c1256e4c002f1718/76f7bc2bf9bc4f6bc1256fa4004921fd?OpenDocument","Pradibondo (Bondo)"
"https://www.senato.it/w3/Biblioteca/catalogoDegliStatutiMedievali.nsf/de148d287da34e08c1256e4c002f1718/772760d37cdcc1f2c1256fa20059f9bd?OpenDocument","Famagusta, Famagosta, Fama Augusta"
"https://www.senato.it/w3/Biblioteca/catalogoDegliStatutiMedievali.nsf/de148d287da34e08c1256e4c002f1718/77394b4494325c72c1256fa2005a2e78?OpenDocument","Galciana (Prato)"
"https://www.senato.it/w3/Biblioteca/catalogoDegliStatutiMedievali.nsf/de148d287da34e08c1256e4c002f1718/776ddc1c7afde2b5c1256f9a00423317?OpenDocument","Bergatto, Bergato"
"https://www.senato.it/w3/Biblioteca/catalogoDegliStatutiMedievali.nsf/de148d287da34e08c1256e4c002f1718/7775f557edfbd1f5c1256fa2005a4b95?OpenDocument","Grisignana d'Istria"
"https://www.senato.it/w3/Biblioteca/catalogoDegliStatutiMedievali.nsf/de148d287da34e08c1256e4c002f1718/77d0bb95e5e6e1a4c1256fac00402efd?OpenDocument","Santa Maria Oliveto (Pozzilli)"
"https://www.senato.it/w3/Biblioteca/catalogoDegliStatutiMedievali.nsf/de148d287da34e08c1256e4c002f1718/77eac14810c2aba7c1256f9a0047cead?OpenDocument","Castella (Isola Capo Rizzuto)"
"https://www.senato.it/w3/Biblioteca/catalogoDegliStatutiMedievali.nsf/de148d287da34e08c1256e4c002f1718/7853df6577416b62c1256fac004019fe?OpenDocument","Saint Trivier de Courtes, Saint Trivier de Cortoux"
"https://www.senato.it/w3/Biblioteca/catalogoDegliStatutiMedievali.nsf/de148d287da34e08c1256e4c002f1718/789b2ee5cb90b115c1256fa3005fe2ac?OpenDocument","Mègéve"
"https://www.senato.it/w3/Biblioteca/catalogoDegliStatutiMedievali.nsf/de148d287da34e08c1256e4c002f1718/791dbd84fac60cbdc1256fa3005ee662?OpenDocument","Laterina"
"https://www.senato.it/w3/Biblioteca/catalogoDegliStatutiMedievali.nsf/de148d287da34e08c1256e4c002f1718/7a60a02ae3de269bc1256f9a00405f37?OpenDocument","Axillianum, Assiano (Milano)"
"https://www.senato.it/w3/Biblioteca/catalogoDegliStatutiMedievali.nsf/de148d287da34e08c1256e4c002f1718/7a9872a9f23d1161c1256fa300601f5c?OpenDocument","Montecalvo (Acquasanta e Valle Castellana), Montecalvi"
"https://www.senato.it/w3/Biblioteca/catalogoDegliStatutiMedievali.nsf/de148d287da34e08c1256e4c002f1718/7b0df3b93ff76560c1256fa40048d661?OpenDocument","Usonia, Osogna"
"https://www.senato.it/w3/Biblioteca/catalogoDegliStatutiMedievali.nsf/de148d287da34e08c1256e4c002f1718/7b1b322a69ceefc3c1256f3b004d20f0?OpenDocument","Taberna"
"https://www.senato.it/w3/Biblioteca/catalogoDegliStatutiMedievali.nsf/de148d287da34e08c1256e4c002f1718/7b8da4508388d67ac1256fa300602a58?OpenDocument","Monterolo (Pergola)"
"https://www.senato.it/w3/Biblioteca/catalogoDegliStatutiMedievali.nsf/de148d287da34e08c1256e4c002f1718/7c7d72381711f38bc1256f9a00427109?OpenDocument","Bulsanum, Bozen, Botzen, Bolzano, Bolgiano"
"https://www.senato.it/w3/Biblioteca/catalogoDegliStatutiMedievali.nsf/de148d287da34e08c1256e4c002f1718/7dc9c0c006b136bcc1256fac003ef3d9?OpenDocument","Rocca di Tintinnano, Rocca d'Orcia (Castiglione d'Orcia), Arcis de Tintinano"
"https://www.senato.it/w3/Biblioteca/catalogoDegliStatutiMedievali.nsf/de148d287da34e08c1256e4c002f1718/7e3189a4180b5385c125709000508d5a?OpenDocument","Piediluco (Terni), Pedislucus"
"https://www.senato.it/w3/Biblioteca/catalogoDegliStatutiMedievali.nsf/de148d287da34e08c1256e4c002f1718/7e6b9798ca629e59c1256fac004041a6?OpenDocument","Serra Pistoiese (Marliana)"
"https://www.senato.it/w3/Biblioteca/catalogoDegliStatutiMedievali.nsf/de148d287da34e08c1256e4c002f1718/7eaeea6b811af905c1256fac004019b9?OpenDocument","Saint Jeoire en Faucigny"
"https://www.senato.it/w3/Biblioteca/catalogoDegliStatutiMedievali.nsf/de148d287da34e08c1256e4c002f1718/7ecb917bc9cfb272c1256f3b004d21ad?OpenDocument","Valsugana, Telvana"
"https://www.senato.it/w3/Biblioteca/catalogoDegliStatutiMedievali.nsf/de148d287da34e08c1256e4c002f1718/7f6634282d147087c1256f9a0047be76?OpenDocument","Capugnano (Porretta Terme)"
"https://www.senato.it/w3/Biblioteca/catalogoDegliStatutiMedievali.nsf/de148d287da34e08c1256e4c002f1718/7f686e17318de8b8c1257091002b6491?OpenDocument","Pont-d'Ain"
"https://www.senato.it/w3/Biblioteca/catalogoDegliStatutiMedievali.nsf/de148d287da34e08c1256e4c002f1718/7ff45ce55034e754c1256fa40047ea0e?OpenDocument","Leynì, Leiniacum, Laynicum, Laniacum"
"https://www.senato.it/w3/Biblioteca/catalogoDegliStatutiMedievali.nsf/de148d287da34e08c1256e4c002f1718/80dee646ec8a15f0c1256fac00402b9b?OpenDocument","Sanctus Romulus, San Romolo, San Remo"
"https://www.senato.it/w3/Biblioteca/catalogoDegliStatutiMedievali.nsf/de148d287da34e08c1256e4c002f1718/80ede8a1cce0bcb6c1256f3b004d31b4?OpenDocument","Treschè Conca (Roana)"
"https://www.senato.it/w3/Biblioteca/catalogoDegliStatutiMedievali.nsf/de148d287da34e08c1256e4c002f1718/81c5367a51330047c1256f9a0040507d?OpenDocument","Albens"
"https://www.senato.it/w3/Biblioteca/catalogoDegliStatutiMedievali.nsf/de148d287da34e08c1256e4c002f1718/829fafbd720536ddc1256f9a0056dfa0?OpenDocument","Corniolo (Santa Sofia)"
"https://www.senato.it/w3/Biblioteca/catalogoDegliStatutiMedievali.nsf/de148d287da34e08c1256e4c002f1718/842d7ceabab668aac1256fa30068a01d?OpenDocument","Montreux"
"https://www.senato.it/w3/Biblioteca/catalogoDegliStatutiMedievali.nsf/de148d287da34e08c1256e4c002f1718/84314b3b87c71958c1256f9a0047afa9?OpenDocument","Calpuno (Lurago d'Erba)"
"https://www.senato.it/w3/Biblioteca/catalogoDegliStatutiMedievali.nsf/de148d287da34e08c1256e4c002f1718/84aa0219b2d1698ec1256fa400492156?OpenDocument","Puschlev, Puschlavium, Postlacum, Postclavium, Poschiavo, Pesclavium"
"https://www.senato.it/w3/Biblioteca/catalogoDegliStatutiMedievali.nsf/de148d287da34e08c1256e4c002f1718/851c8d54f58fedc1c1256f9a0045431a?OpenDocument","Bulgherum, Bolghieri, Bolgheri (Castagneto Carducci), Bogori"
"https://www.senato.it/w3/Biblioteca/catalogoDegliStatutiMedievali.nsf/de148d287da34e08c1256e4c002f1718/855b5b367ce73d6bc1256fa300602448?OpenDocument","Montegnacco (Cassacco), Montagnacco"
"https://www.senato.it/w3/Biblioteca/catalogoDegliStatutiMedievali.nsf/de148d287da34e08c1256e4c002f1718/8653ad1c535fb171c1256f3b004d2c93?OpenDocument","Traffiume (Cannobio)"
"https://www.senato.it/w3/Biblioteca/catalogoDegliStatutiMedievali.nsf/de148d287da34e08c1256e4c002f1718/86d9de34907ace06c1256f9a00406491?OpenDocument","Avexa, Avesa (Verona)"
"https://www.senato.it/w3/Biblioteca/catalogoDegliStatutiMedievali.nsf/de148d287da34e08c1256e4c002f1718/874ec9c5244c0e94c12571d50026f4e7?OpenDocument","Caviano"
"https://www.senato.it/w3/Biblioteca/catalogoDegliStatutiMedievali.nsf/de148d287da34e08c1256e4c002f1718/87dde75b16587e1ec1256f9a00404c66?OpenDocument","Abondance"
"https://www.senato.it/w3/Biblioteca/catalogoDegliStatutiMedievali.nsf/de148d287da34e08c1256e4c002f1718/8924295aca601ff6c1256fa400491dfa?OpenDocument","Pont-Canavese, Pons in Canapicio"
"https://www.senato.it/w3/Biblioteca/catalogoDegliStatutiMedievali.nsf/de148d287da34e08c1256e4c002f1718/892fd8f15cceb658c1256f9a00427225?OpenDocument","Buonacquisto, Bonaquistum, Bonacquisto (Arrone)"
"https://www.senato.it/w3/Biblioteca/catalogoDegliStatutiMedievali.nsf/de148d287da34e08c1256e4c002f1718/895fbbb343ac9d86c1256fac00403f94?OpenDocument","Sibenicum, Sebenico"
"https://www.senato.it/w3/Biblioteca/catalogoDegliStatutiMedievali.nsf/de148d287da34e08c1256e4c002f1718/8b1dcbc1996d197ec1256f9a0047b654?OpenDocument","Canavisium, Canavese, Canavasium, Canapicium"
"https://www.senato.it/w3/Biblioteca/catalogoDegliStatutiMedievali.nsf/de148d287da34e08c1256e4c002f1718/8b75366876c988ecc1256f9a0054cccd?OpenDocument","Cladrezis, Cladrecis (Prepotto)"
"https://www.senato.it/w3/Biblioteca/catalogoDegliStatutiMedievali.nsf/de148d287da34e08c1256e4c002f1718/8c57ba690067929fc1256fac003efe97?OpenDocument","Rue"
"https://www.senato.it/w3/Biblioteca/catalogoDegliStatutiMedievali.nsf/de148d287da34e08c1256e4c002f1718/8cfabd866d368e8ec1256fa40048e85a?OpenDocument","Panicarola (Castiglione del Lago)"
"https://www.senato.it/w3/Biblioteca/catalogoDegliStatutiMedievali.nsf/de148d287da34e08c1256e4c002f1718/8d75e54cf75d79b3c1256f9a0042763e?OpenDocument","Bueglio, Bovelium, Boveglio (Villa Basilica)"
"https://www.senato.it/w3/Biblioteca/catalogoDegliStatutiMedievali.nsf/de148d287da34e08c1256e4c002f1718/8d8a626664692b00c1256f3b004d1f68?OpenDocument","Thaium, Thaio, Taio"
"https://www.senato.it/w3/Biblioteca/catalogoDegliStatutiMedievali.nsf/de148d287da34e08c1256e4c002f1718/8fa5cc40824d391dc1256fa2005a53ee?OpenDocument","Intrania, Intragna (Centovalli)"
"https://www.senato.it/w3/Biblioteca/catalogoDegliStatutiMedievali.nsf/de148d287da34e08c1256e4c002f1718/8ff285f89d607db6c1257089002ca42a?OpenDocument","Chambéry, Chamberiacum"
"https://www.senato.it/w3/Biblioteca/catalogoDegliStatutiMedievali.nsf/de148d287da34e08c1256e4c002f1718/913aa227d662a06fc1256fa300602562?OpenDocument","Montello (Provincia di Treviso)"
"https://www.senato.it/w3/Biblioteca/catalogoDegliStatutiMedievali.nsf/de148d287da34e08c1256e4c002f1718/914e730f37e4b074c1256f9a0056e822?OpenDocument","Crana (Santa Maria Maggiore)"
"https://www.senato.it/w3/Biblioteca/catalogoDegliStatutiMedievali.nsf/de148d287da34e08c1256e4c002f1718/9177def7c21aaa78c1256f3b004d2e7c?OpenDocument","Trogir, Traù, Tragurium"
"https://www.senato.it/w3/Biblioteca/catalogoDegliStatutiMedievali.nsf/de148d287da34e08c1256e4c002f1718/91bed82555da193dc1256f9a0047b627?OpenDocument","Canari"
"https://www.senato.it/w3/Biblioteca/catalogoDegliStatutiMedievali.nsf/de148d287da34e08c1256e4c002f1718/91bf3026e24223f6c1256fac004029d5?OpenDocument","San Martino in Soverzano (Minerbio)"
"https://www.senato.it/w3/Biblioteca/catalogoDegliStatutiMedievali.nsf/de148d287da34e08c1256e4c002f1718/92c6824ce79d7c1fc1256f9a004224f3?OpenDocument","Barchium, Barchi"
"https://www.senato.it/w3/Biblioteca/catalogoDegliStatutiMedievali.nsf/de148d287da34e08c1256e4c002f1718/9308681a2ccc3c6dc1256fa300600a63?OpenDocument","Miradolo (San Secondo di Pinerolo)"
"https://www.senato.it/w3/Biblioteca/catalogoDegliStatutiMedievali.nsf/de148d287da34e08c1256e4c002f1718/9344c85454224b2cc1256f40003cfc63?OpenDocument","Trsat, Tersatto (Fiume), Tarsatica"
"https://www.senato.it/w3/Biblioteca/catalogoDegliStatutiMedievali.nsf/de148d287da34e08c1256e4c002f1718/9441e47925896295c1256fa400491ba6?OpenDocument","Policastro Bussentino (Santa Marina), Policastro"
"https://www.senato.it/w3/Biblioteca/catalogoDegliStatutiMedievali.nsf/de148d287da34e08c1256e4c002f1718/9484feb85072b308c1256f9a0042836d?OpenDocument","Buia"
"https://www.senato.it/w3/Biblioteca/catalogoDegliStatutiMedievali.nsf/de148d287da34e08c1256e4c002f1718/954cad3fc2cb779fc1256fa300600a74?OpenDocument","Miribel"
"https://www.senato.it/w3/Biblioteca/catalogoDegliStatutiMedievali.nsf/de148d287da34e08c1256e4c002f1718/955d875e2de9fc95c1256f9a0056d7a2?OpenDocument","Ceneta, Ceneda (Vittorio Veneto)"
"https://www.senato.it/w3/Biblioteca/catalogoDegliStatutiMedievali.nsf/de148d287da34e08c1256e4c002f1718/95631d1a50d371cec1256f9a0047bc32?OpenDocument","Justinopolis, Capodistria"
"https://www.senato.it/w3/Biblioteca/catalogoDegliStatutiMedievali.nsf/de148d287da34e08c1256e4c002f1718/95789f3158f4d32ec1256fa80054244d?OpenDocument","Borgo Panigale (Bologna)"
"https://www.senato.it/w3/Biblioteca/catalogoDegliStatutiMedievali.nsf/de148d287da34e08c1256e4c002f1718/95ee4622999faf41c1256fa40048f718?OpenDocument","Pelia, Pela, Peglia"
"https://www.senato.it/w3/Biblioteca/catalogoDegliStatutiMedievali.nsf/de148d287da34e08c1256e4c002f1718/965e2a6ce1836c2ec1256fa2005a48ac?OpenDocument","Giudicarie"
"https://www.senato.it/w3/Biblioteca/catalogoDegliStatutiMedievali.nsf/de148d287da34e08c1256e4c002f1718/965ebb928b2930cfc1256fac00405034?OpenDocument","Smarano"
"https://www.senato.it/w3/Biblioteca/catalogoDegliStatutiMedievali.nsf/de148d287da34e08c1256e4c002f1718/96781e45002f5417c1257a70004e2415?OpenDocument","Usserum, Ossero, Osor, Ausserum, Abserum"
"https://www.senato.it/w3/Biblioteca/catalogoDegliStatutiMedievali.nsf/de148d287da34e08c1256e4c002f1718/976d302aaf24bcdec1256fac00404024?OpenDocument","Sermidium, Sermide, Sermedium, Sermedi"
"https://www.senato.it/w3/Biblioteca/catalogoDegliStatutiMedievali.nsf/de148d287da34e08c1256e4c002f1718/9788ab1036850caac1256fa300601f07?OpenDocument","Montebabbio (Castellarano), Monsbabulus"
"https://www.senato.it/w3/Biblioteca/catalogoDegliStatutiMedievali.nsf/de148d287da34e08c1256e4c002f1718/97bee8c3e79ee493c1256fac00402f7c?OpenDocument","Santo Stefano d'Ombla"
"https://www.senato.it/w3/Biblioteca/catalogoDegliStatutiMedievali.nsf/de148d287da34e08c1256e4c002f1718/97f8ff0d81ec233ac1256fac00403b3e?OpenDocument","Scavolino (Pennabilli)"
"https://www.senato.it/w3/Biblioteca/catalogoDegliStatutiMedievali.nsf/de148d287da34e08c1256e4c002f1718/99a502f52286642ac1256f9a004228ae?OpenDocument","Beaufort"
"https://www.senato.it/w3/Biblioteca/catalogoDegliStatutiMedievali.nsf/de148d287da34e08c1256e4c002f1718/9a0f85bc958f6c88c1256f9a0047d040?OpenDocument","Castelnuovo d'Elsa (Castelfiorentino)"
"https://www.senato.it/w3/Biblioteca/catalogoDegliStatutiMedievali.nsf/de148d287da34e08c1256e4c002f1718/9a1657db8d295517c1256f9a00427f91?OpenDocument","Bresse"
"https://www.senato.it/w3/Biblioteca/catalogoDegliStatutiMedievali.nsf/de148d287da34e08c1256e4c002f1718/9a3c80b865374020c1256fac003eedd7?OpenDocument","Rio Marina"
"https://www.senato.it/w3/Biblioteca/catalogoDegliStatutiMedievali.nsf/de148d287da34e08c1256e4c002f1718/9ae85ff9344a25e2c1256fa400490bb1?OpenDocument","Piena (Olivetta San Michele), Penna"
"https://www.senato.it/w3/Biblioteca/catalogoDegliStatutiMedievali.nsf/de148d287da34e08c1256e4c002f1718/9fbc4c3b0f873daac1256f9a004921d3?OpenDocument","Cicignano (Collevecchio)"
"https://www.senato.it/w3/Biblioteca/catalogoDegliStatutiMedievali.nsf/de148d287da34e08c1256e4c002f1718/a0c9256e0e3d9162c1256f9a0054cdb0?OpenDocument","Codiponte (Casola in Lunigiana)"
"https://www.senato.it/w3/Biblioteca/catalogoDegliStatutiMedievali.nsf/de148d287da34e08c1256e4c002f1718/a0de2b7d566b4712c1256fac0040355e?OpenDocument","Saturnia (Manciano)"
"https://www.senato.it/w3/Biblioteca/catalogoDegliStatutiMedievali.nsf/de148d287da34e08c1256e4c002f1718/a15e2e02e0050503c1256fa2005a2e5f?OpenDocument","Galata"
"https://www.senato.it/w3/Biblioteca/catalogoDegliStatutiMedievali.nsf/de148d287da34e08c1256e4c002f1718/a18ab2ce75ee1433c1256f9a0047c4cd?OpenDocument","Casalecchio dei Conti (Castel San Pietro Terme)"
"https://www.senato.it/w3/Biblioteca/catalogoDegliStatutiMedievali.nsf/de148d287da34e08c1256e4c002f1718/a1c0ac52bb961c61c1256fa300601f17?OpenDocument","Montebello (Sogliano al Rubicone)"
"https://www.senato.it/w3/Biblioteca/catalogoDegliStatutiMedievali.nsf/de148d287da34e08c1256e4c002f1718/a2865c7cffd3cd11c1256f9a0047a5e0?OpenDocument","Caderzone"
"https://www.senato.it/w3/Biblioteca/catalogoDegliStatutiMedievali.nsf/de148d287da34e08c1256e4c002f1718/a329444ae81a2637c1256f9a00405b89?OpenDocument","Arcoveggio (Bologna)"
"https://www.senato.it/w3/Biblioteca/catalogoDegliStatutiMedievali.nsf/de148d287da34e08c1256e4c002f1718/a3b7b01e921f639ec1256fa3005fe52b?OpenDocument","San Donato a Menzano, Menzano (Pian di Scò)"
"https://www.senato.it/w3/Biblioteca/catalogoDegliStatutiMedievali.nsf/de148d287da34e08c1256e4c002f1718/a3cf696c72e0c51dc1256fac004022b8?OpenDocument","San Bartolomeo (San Secondo di Pinerolo)"
"https://www.senato.it/w3/Biblioteca/catalogoDegliStatutiMedievali.nsf/de148d287da34e08c1256e4c002f1718/a4a413814ccc1230c1256fa3005c61f9?OpenDocument","Fusine (Posina)"
"https://www.senato.it/w3/Biblioteca/catalogoDegliStatutiMedievali.nsf/de148d287da34e08c1256e4c002f1718/a4d51530764631d7c1256f9a0056d54c?OpenDocument","Cavalpone (Veronella)"
"https://www.senato.it/w3/Biblioteca/catalogoDegliStatutiMedievali.nsf/de148d287da34e08c1256e4c002f1718/a4dce7aba0255d0ac1256fac003eedea?OpenDocument","Ripafratta (San Giuliano Terme)"
"https://www.senato.it/w3/Biblioteca/catalogoDegliStatutiMedievali.nsf/de148d287da34e08c1256e4c002f1718/a54b0f4f98d1b26bc1256fa30060211f?OpenDocument","Montecorvino (Montecorvino Rovella e Montecorvino Pugliano), Mons Corvinus"
"https://www.senato.it/w3/Biblioteca/catalogoDegliStatutiMedievali.nsf/de148d287da34e08c1256e4c002f1718/a6ee45625074c174c1256fa20059fc14?OpenDocument","Faverges"
"https://www.senato.it/w3/Biblioteca/catalogoDegliStatutiMedievali.nsf/de148d287da34e08c1256e4c002f1718/a7f98ba3b8960352c1256fa300601750?OpenDocument","Monclassico, Monclasego"
"https://www.senato.it/w3/Biblioteca/catalogoDegliStatutiMedievali.nsf/de148d287da34e08c1256e4c002f1718/a813133c2c40d985c1256fa300602fe3?OpenDocument","Morges"
"https://www.senato.it/w3/Biblioteca/catalogoDegliStatutiMedievali.nsf/de148d287da34e08c1256e4c002f1718/a83663db3a1c291ec1256fac00405141?OpenDocument","Sospitello, Sospello"
"https://www.senato.it/w3/Biblioteca/catalogoDegliStatutiMedievali.nsf/de148d287da34e08c1256e4c002f1718/a8f3211902bc1b3ec1256fa3006017b3?OpenDocument","Mondelli (Ceppo Morelli)"
"https://www.senato.it/w3/Biblioteca/catalogoDegliStatutiMedievali.nsf/de148d287da34e08c1256e4c002f1718/aa047be66ce62b47c1256fac003ef970?OpenDocument","Rotecastello (San Venanzo), Rotacastello"
"https://www.senato.it/w3/Biblioteca/catalogoDegliStatutiMedievali.nsf/de148d287da34e08c1256e4c002f1718/aa2c64b5efd67502c1256f9a004224e3?OpenDocument","Barbialla (Montaione)"
"https://www.senato.it/w3/Biblioteca/catalogoDegliStatutiMedievali.nsf/de148d287da34e08c1256e4c002f1718/aae5eebb3fea7708c1256fa2005a278f?OpenDocument","Patria Foriulii, Patria del Friuli, Frivoli, Friuli"
"https://www.senato.it/w3/Biblioteca/catalogoDegliStatutiMedievali.nsf/de148d287da34e08c1256e4c002f1718/aaf1501baff605bbc1256f9a00491705?OpenDocument","Chaumont, Calvus Mons"
"https://www.senato.it/w3/Biblioteca/catalogoDegliStatutiMedievali.nsf/de148d287da34e08c1256e4c002f1718/aba3aaa8445f9a2dc1256fa40048cf78?OpenDocument","Orgia (Sovicille)"
"https://www.senato.it/w3/Biblioteca/catalogoDegliStatutiMedievali.nsf/de148d287da34e08c1256e4c002f1718/aca41ebbdd5b69f2c1256fac0040297a?OpenDocument","San Martino in Argine (Molinella)"
"https://www.senato.it/w3/Biblioteca/catalogoDegliStatutiMedievali.nsf/de148d287da34e08c1256e4c002f1718/ad0cd9298f69a916c1256f9a0047b223?OpenDocument","Sasso d'Iddiano, Sasso Castagneto, Sassiddiano, Camurana, Camorana (Pavullo nel Frignano), Cammorana"
"https://www.senato.it/w3/Biblioteca/catalogoDegliStatutiMedievali.nsf/de148d287da34e08c1256e4c002f1718/ad4b187b465092edc1256fac00402f8a?OpenDocument","Sant'Appiano (Barberino Val d'Elsa)"
"https://www.senato.it/w3/Biblioteca/catalogoDegliStatutiMedievali.nsf/de148d287da34e08c1256e4c002f1718/ad54e35f678805d9c1256f40005bcc78?OpenDocument","Termón (Campodenno)"
"https://www.senato.it/w3/Biblioteca/catalogoDegliStatutiMedievali.nsf/de148d287da34e08c1256e4c002f1718/ad8498622b8362bec1256fa40048e86d?OpenDocument","Prentium, Parenzo"
"https://www.senato.it/w3/Biblioteca/catalogoDegliStatutiMedievali.nsf/de148d287da34e08c1256e4c002f1718/ad87cac5959447d6c1256fac003ef7d5?OpenDocument","Rosato"
"https://www.senato.it/w3/Biblioteca/catalogoDegliStatutiMedievali.nsf/de148d287da34e08c1256e4c002f1718/addaf87059c5f65bc1256fac00405411?OpenDocument","Swarçagus, Squarzego (Illasi, Lavagno), Squarzagus, Squarçagus"
"https://www.senato.it/w3/Biblioteca/catalogoDegliStatutiMedievali.nsf/de148d287da34e08c1256e4c002f1718/ae098444c660cad9c1256fac004032d8?OpenDocument","Sarzanello (Sarzana), Castrum Sarzane"
"https://www.senato.it/w3/Biblioteca/catalogoDegliStatutiMedievali.nsf/de148d287da34e08c1256e4c002f1718/aec7a854efd2d0d0c1256fa40048e792?OpenDocument","Pallanza, Pallantia"
"https://www.senato.it/w3/Biblioteca/catalogoDegliStatutiMedievali.nsf/de148d287da34e08c1256e4c002f1718/b16b5cf575545d29c1256fa400490cbc?OpenDocument","Plebs a Pinu, Pieve del Pino (Praduro e Sasso)"
"https://www.senato.it/w3/Biblioteca/catalogoDegliStatutiMedievali.nsf/de148d287da34e08c1256e4c002f1718/b2219b437798eb2fc1257089002ce9f4?OpenDocument","Zidanova, Cittanova d'Istria"
"https://www.senato.it/w3/Biblioteca/catalogoDegliStatutiMedievali.nsf/de148d287da34e08c1256e4c002f1718/b22ee2afd0132290c1256f3b004d2120?OpenDocument","Thavon, Tavon (Predaia)"
"https://www.senato.it/w3/Biblioteca/catalogoDegliStatutiMedievali.nsf/de148d287da34e08c1256e4c002f1718/b2315af7f0a14237c1256fac00404f0e?OpenDocument","Simeri, Simari"
"https://www.senato.it/w3/Biblioteca/catalogoDegliStatutiMedievali.nsf/de148d287da34e08c1256e4c002f1718/b24fe3ea60b03d7bc1256fac0040288d?OpenDocument","San Marino"
"https://www.senato.it/w3/Biblioteca/catalogoDegliStatutiMedievali.nsf/de148d287da34e08c1256e4c002f1718/b321d82045fc6785c1256fa3005ee576?OpenDocument","Landry"
"https://www.senato.it/w3/Biblioteca/catalogoDegliStatutiMedievali.nsf/de148d287da34e08c1256e4c002f1718/b327cca03ef8b42fc1256fa300601dc8?OpenDocument","Montalto Ligure"
"https://www.senato.it/w3/Biblioteca/catalogoDegliStatutiMedievali.nsf/de148d287da34e08c1256e4c002f1718/b39b604e0d79fe71c1256f9a0047d78c?OpenDocument","Castiglioni, Castiglione della Valle (Colledara), Castelleo Vallis"
"https://www.senato.it/w3/Biblioteca/catalogoDegliStatutiMedievali.nsf/de148d287da34e08c1256e4c002f1718/b3e7f56f5ae791ddc1256fac00401d27?OpenDocument","Salurn, Salorno"
"https://www.senato.it/w3/Biblioteca/catalogoDegliStatutiMedievali.nsf/de148d287da34e08c1256e4c002f1718/b3ed392a32ad9f67c1256f9a0054ccf9?OpenDocument","Korone, Corone (Pylos Nestoras, Grecia), Corona, Coron"
"https://www.senato.it/w3/Biblioteca/catalogoDegliStatutiMedievali.nsf/de148d287da34e08c1256e4c002f1718/b4c4f5c4fb468e34c1256fac00403079?OpenDocument","Caviola (Falcade)"
"https://www.senato.it/w3/Biblioteca/catalogoDegliStatutiMedievali.nsf/de148d287da34e08c1256e4c002f1718/b554dfb173b40412c1257091002b3dd9?OpenDocument","Poggio Aquilone (San Venanzo), Podium Aquilonis"
"https://www.senato.it/w3/Biblioteca/catalogoDegliStatutiMedievali.nsf/de148d287da34e08c1256e4c002f1718/b5c9a48660187c84c1256fa3005fce65?OpenDocument","Malamocco (Venezia)"
"https://www.senato.it/w3/Biblioteca/catalogoDegliStatutiMedievali.nsf/de148d287da34e08c1256e4c002f1718/b5f0c5aaa3559c9cc12570890029f5d1?OpenDocument","Cassano allo Ionio"
"https://www.senato.it/w3/Biblioteca/catalogoDegliStatutiMedievali.nsf/de148d287da34e08c1256e4c002f1718/b6bf30d7c2e1c2acc1256fa400491d55?OpenDocument","Ponte allo Spino"
"https://www.senato.it/w3/Biblioteca/catalogoDegliStatutiMedievali.nsf/de148d287da34e08c1256e4c002f1718/b72917f18aa95f64c1256fa3006022e4?OpenDocument","Montefeltro, Mons Feretrius, Mons Feletris, Mons Feletranus"
"https://www.senato.it/w3/Biblioteca/catalogoDegliStatutiMedievali.nsf/de148d287da34e08c1256e4c002f1718/b7bf57dce3e64fe0c1256f3b004d2c88?OpenDocument","Tour du Peilz, La Tour du Peilz"
"https://www.senato.it/w3/Biblioteca/catalogoDegliStatutiMedievali.nsf/de148d287da34e08c1256e4c002f1718/b7c1f11478e7dc1ac1256f9a00405cb9?OpenDocument","Arlianum, Arliano (Lucca)"
"https://www.senato.it/w3/Biblioteca/catalogoDegliStatutiMedievali.nsf/de148d287da34e08c1256e4c002f1718/b7c74e55fa4c1a8cc1256fac003eeade?OpenDocument","Renazzo (Cento)"
"https://www.senato.it/w3/Biblioteca/catalogoDegliStatutiMedievali.nsf/de148d287da34e08c1256e4c002f1718/b7cc7811f4d34ef9c1256f9a0049227d?OpenDocument","Cilentum, Cilento"
"https://www.senato.it/w3/Biblioteca/catalogoDegliStatutiMedievali.nsf/de148d287da34e08c1256e4c002f1718/b89c3d8256f212d8c1256fac003ee853?OpenDocument","Regium, Reggio Emilia"
"https://www.senato.it/w3/Biblioteca/catalogoDegliStatutiMedievali.nsf/de148d287da34e08c1256e4c002f1718/b8cc9e7ce8337f1cc1256f9a0047b2c4?OpenDocument","Campeggio (Monghidoro)"
"https://www.senato.it/w3/Biblioteca/catalogoDegliStatutiMedievali.nsf/de148d287da34e08c1256e4c002f1718/b8f32638a3c68bf5c1256fac003ef5ff?OpenDocument","Roffeno Musiolo (Castel d'Aiano)"
"https://www.senato.it/w3/Biblioteca/catalogoDegliStatutiMedievali.nsf/de148d287da34e08c1256e4c002f1718/b94e61fcd219b2aac1256f9a0056f557?OpenDocument","Daone"
"https://www.senato.it/w3/Biblioteca/catalogoDegliStatutiMedievali.nsf/de148d287da34e08c1256e4c002f1718/ba456df466c4854ec1256fa400491ff8?OpenDocument","Porto (Castiglione del Lago)"
"https://www.senato.it/w3/Biblioteca/catalogoDegliStatutiMedievali.nsf/de148d287da34e08c1256e4c002f1718/bafa4f1b5e4951fec1256fa3005c602f?OpenDocument","Forno Alpi Graie (Groscavallo)"
"https://www.senato.it/w3/Biblioteca/catalogoDegliStatutiMedievali.nsf/de148d287da34e08c1256e4c002f1718/bb1fbecf8e053943c12570890033668a?OpenDocument","Corbières"
"https://www.senato.it/w3/Biblioteca/catalogoDegliStatutiMedievali.nsf/de148d287da34e08c1256e4c002f1718/bb40a9ef5e237b0dc1256fa4004902a4?OpenDocument","Peschio Constanczo"
"https://www.senato.it/w3/Biblioteca/catalogoDegliStatutiMedievali.nsf/de148d287da34e08c1256e4c002f1718/bb74a3ef993c13cfc1256f9a00422831?OpenDocument","Bastia (Balocco)"
"https://www.senato.it/w3/Biblioteca/catalogoDegliStatutiMedievali.nsf/de148d287da34e08c1256e4c002f1718/bbd84c82fbdce3c0c1256f9a00404c09?OpenDocument","Abbadia Alpina (Pinerolo), Abbadia di Santa Maria di Pinerolo"
"https://www.senato.it/w3/Biblioteca/catalogoDegliStatutiMedievali.nsf/de148d287da34e08c1256e4c002f1718/bbf1b5cd8dc065e3c1256fac003ef758?OpenDocument","Ronchi di Bagnarola, Ronchi"
"https://www.senato.it/w3/Biblioteca/catalogoDegliStatutiMedievali.nsf/de148d287da34e08c1256e4c002f1718/bd6c07ca93b25f12c1256fa3005ee47d?OpenDocument","Lingueglietta (Cipressa), Lengueglia Linguilia, Vinguilia"
"https://www.senato.it/w3/Biblioteca/catalogoDegliStatutiMedievali.nsf/de148d287da34e08c1256e4c002f1718/bd92404986a464acc1256f9a00428222?OpenDocument","Bruso, Brusio"
"https://www.senato.it/w3/Biblioteca/catalogoDegliStatutiMedievali.nsf/de148d287da34e08c1256e4c002f1718/bdc626a07d3708a6c1256fa300602a12?OpenDocument","Monterastello (Pavullo nel Frignano), Mons Rastelli"
"https://www.senato.it/w3/Biblioteca/catalogoDegliStatutiMedievali.nsf/de148d287da34e08c1256e4c002f1718/be602a180fdb7c30c1256fac0040409d?OpenDocument","Serravalle (Vittorio Veneto), Seravallum, Seravalle"
"https://www.senato.it/w3/Biblioteca/catalogoDegliStatutiMedievali.nsf/de148d287da34e08c1256e4c002f1718/bef6250bac635bb5c1256fa300689f77?OpenDocument","Montevettolini (Monsummano Terme), Monte Vettolino"
"https://www.senato.it/w3/Biblioteca/catalogoDegliStatutiMedievali.nsf/de148d287da34e08c1256e4c002f1718/bf0689f66a169845c1256fac00403546?OpenDocument","Santanza (L'Aquila)"
"https://www.senato.it/w3/Biblioteca/catalogoDegliStatutiMedievali.nsf/de148d287da34e08c1256e4c002f1718/bf8fdaa4030de141c1256fac00403df4?OpenDocument","Semifonte (Certaldo)"
"https://www.senato.it/w3/Biblioteca/catalogoDegliStatutiMedievali.nsf/de148d287da34e08c1256e4c002f1718/bfacefa224a143e3c1256fac003ee7f5?OpenDocument","Rigio, Reggio Calabria"
"https://www.senato.it/w3/Biblioteca/catalogoDegliStatutiMedievali.nsf/de148d287da34e08c1256e4c002f1718/bfd39f2bc074792cc1256f9a0047cdef?OpenDocument","Florentinum, Fiorentino, Castrum Florentini, Castelfiorentino (Viterbo)"
"https://www.senato.it/w3/Biblioteca/catalogoDegliStatutiMedievali.nsf/de148d287da34e08c1256e4c002f1718/bff54cb9c1fe4211c1256f9a00423520?OpenDocument","Billerio (Magnano in Riviera), Bilirs"
"https://www.senato.it/w3/Biblioteca/catalogoDegliStatutiMedievali.nsf/de148d287da34e08c1256e4c002f1718/c12a4a43c6b34ee2c1256fac00403b16?OpenDocument","Scardona"
"https://www.senato.it/w3/Biblioteca/catalogoDegliStatutiMedievali.nsf/de148d287da34e08c1256e4c002f1718/c1a1ed39abfa8f01c1256fac00402878?OpenDocument","San Lorenzo del Pasenatico, San Lorenzo al Leme"
"https://www.senato.it/w3/Biblioteca/catalogoDegliStatutiMedievali.nsf/de148d287da34e08c1256e4c002f1718/c2ea3076428d8371c1256f9a0047e208?OpenDocument","Cevins"
"https://www.senato.it/w3/Biblioteca/catalogoDegliStatutiMedievali.nsf/de148d287da34e08c1256e4c002f1718/c35bcd3a9b1f1cb2c1256fa300602d35?OpenDocument","Monteveglio"
"https://www.senato.it/w3/Biblioteca/catalogoDegliStatutiMedievali.nsf/de148d287da34e08c1256e4c002f1718/c3dbc4a476a2afdfc1256f9a0054ea43?OpenDocument","Cauro"
"https://www.senato.it/w3/Biblioteca/catalogoDegliStatutiMedievali.nsf/de148d287da34e08c1256e4c002f1718/c48eb9b43ad4bb24c1256f9a0056f567?OpenDocument","Daro"
"https://www.senato.it/w3/Biblioteca/catalogoDegliStatutiMedievali.nsf/de148d287da34e08c1256e4c002f1718/c5c500d9b5df4c24c1256fa3005fe4c2?OpenDocument","Mentonum, Mentone, Menton"
"https://www.senato.it/w3/Biblioteca/catalogoDegliStatutiMedievali.nsf/de148d287da34e08c1256e4c002f1718/c608e0baaf451124c1256f9a0056f053?OpenDocument","Crevola Sesia (Varallo)"
"https://www.senato.it/w3/Biblioteca/catalogoDegliStatutiMedievali.nsf/de148d287da34e08c1256e4c002f1718/c63a54504ff2b694c1256f9a0056fdd6?OpenDocument","Dugliolo (Budrio)"
"https://www.senato.it/w3/Biblioteca/catalogoDegliStatutiMedievali.nsf/de148d287da34e08c1256e4c002f1718/c886863ee83f6858c1256fa400491e8f?OpenDocument","Ponzanello (Fosdinovo)"
"https://www.senato.it/w3/Biblioteca/catalogoDegliStatutiMedievali.nsf/de148d287da34e08c1256e4c002f1718/ca6eb70552e39702c1256fac003ee692?OpenDocument","Ravone (Bologna)"
"https://www.senato.it/w3/Biblioteca/catalogoDegliStatutiMedievali.nsf/de148d287da34e08c1256e4c002f1718/cac2f43b22c2be46c1256fac004042fa?OpenDocument","Settignano (Firenze)"
"https://www.senato.it/w3/Biblioteca/catalogoDegliStatutiMedievali.nsf/de148d287da34e08c1256e4c002f1718/cbc97d1b87e57519c1256f9a004271df?OpenDocument","Santa Maria di Bombinaco, Bominaco (Caporciano), Bombinacum"
"https://www.senato.it/w3/Biblioteca/catalogoDegliStatutiMedievali.nsf/de148d287da34e08c1256e4c002f1718/cc3eb608c5e06124c1256fac00470152?OpenDocument","Topolo (Dubrovnik)"
"https://www.senato.it/w3/Biblioteca/catalogoDegliStatutiMedievali.nsf/de148d287da34e08c1256e4c002f1718/cc7b2d04418311d1c1256fa3005fd763?OpenDocument","Marca Anconitana"
"https://www.senato.it/w3/Biblioteca/catalogoDegliStatutiMedievali.nsf/de148d287da34e08c1256e4c002f1718/ccce3c1bbc4fb982c1256fa4004923d6?OpenDocument","Sant'Andrea a Pulicciano, Pulicciano (Castelfranco di Sopra)"
"https://www.senato.it/w3/Biblioteca/catalogoDegliStatutiMedievali.nsf/de148d287da34e08c1256e4c002f1718/cd0afdda3ae8829bc1256f9a0056e4a7?OpenDocument","Corticella (Bologna)"
"https://www.senato.it/w3/Biblioteca/catalogoDegliStatutiMedievali.nsf/de148d287da34e08c1256e4c002f1718/cd31f8d4bff0e645c1256f9a0056fecd?OpenDocument","Equi (Fivizzano), Equi Terme (Fivizzano)"
"https://www.senato.it/w3/Biblioteca/catalogoDegliStatutiMedievali.nsf/de148d287da34e08c1256e4c002f1718/cdfbdc9b57ba49e9c1256fa40048ce17?OpenDocument","Olivetum, Oliveto (Torricella in Sabina)"
"https://www.senato.it/w3/Biblioteca/catalogoDegliStatutiMedievali.nsf/de148d287da34e08c1256e4c002f1718/ceba19b4518fd8ccc1256fa2005a3085?OpenDocument","Gassano (Fivizzano)"
"https://www.senato.it/w3/Biblioteca/catalogoDegliStatutiMedievali.nsf/de148d287da34e08c1256e4c002f1718/d08f80fa8c9f086dc1256f9a00422ce1?OpenDocument","Bersecine, Bercine, Barsacina"
"https://www.senato.it/w3/Biblioteca/catalogoDegliStatutiMedievali.nsf/de148d287da34e08c1256e4c002f1718/d129698585576d68c1256fa40048c502?OpenDocument","Nigrarium, Negraro, Negrar"
"https://www.senato.it/w3/Biblioteca/catalogoDegliStatutiMedievali.nsf/de148d287da34e08c1256e4c002f1718/d22abfc424b87e50c1256f9a0056e030?OpenDocument","Corenum, Corenno Plinio (Dervo)"
"https://www.senato.it/w3/Biblioteca/catalogoDegliStatutiMedievali.nsf/de148d287da34e08c1256e4c002f1718/d2478b65d8b9e210c1256f9a0047a86d?OpenDocument","Kaffa, Feodosija, Capha, Caffa"
"https://www.senato.it/w3/Biblioteca/catalogoDegliStatutiMedievali.nsf/de148d287da34e08c1256e4c002f1718/d2cb8dd7ea407938c1256f3b004d213b?OpenDocument","Techena, Tecclena, Tecchiena (Alatri)"
"https://www.senato.it/w3/Biblioteca/catalogoDegliStatutiMedievali.nsf/de148d287da34e08c1256e4c002f1718/d3103473e9eedf3ac1256f9a0056fe87?OpenDocument","Emilia, Aemilia"
"https://www.senato.it/w3/Biblioteca/catalogoDegliStatutiMedievali.nsf/de148d287da34e08c1256e4c002f1718/d32a5960760d3637c1256fa3005fb1ea?OpenDocument","Liddes"
"https://www.senato.it/w3/Biblioteca/catalogoDegliStatutiMedievali.nsf/de148d287da34e08c1256e4c002f1718/d4263cafb8d148ccc1256fac003ef747?OpenDocument","Rotundumons, Romont (Friburgo)"
"https://www.senato.it/w3/Biblioteca/catalogoDegliStatutiMedievali.nsf/de148d287da34e08c1256e4c002f1718/d4a597b4c4fd0ad3c1256f9a0054c8e7?OpenDocument","Civenna (Bellagio)"
"https://www.senato.it/w3/Biblioteca/catalogoDegliStatutiMedievali.nsf/de148d287da34e08c1256e4c002f1718/d4d8e836fa8bf809c1256fa2005a2daa?OpenDocument","Gaibola (Bologna)"
"https://www.senato.it/w3/Biblioteca/catalogoDegliStatutiMedievali.nsf/de148d287da34e08c1256e4c002f1718/d4ef016139ab9123c1256fac0040543e?OpenDocument","Stacciola (San Costanzo)"
"https://www.senato.it/w3/Biblioteca/catalogoDegliStatutiMedievali.nsf/de148d287da34e08c1256e4c002f1718/d6a4b360c55661e1c1256fa2005a4924?OpenDocument","Villa Guncinarum, Gonzole (Beinasco)"
"https://www.senato.it/w3/Biblioteca/catalogoDegliStatutiMedievali.nsf/de148d287da34e08c1256e4c002f1718/d79221507aa704bfc1256f9a0047bbd0?OpenDocument","Trsteno, Cannosa"
"https://www.senato.it/w3/Biblioteca/catalogoDegliStatutiMedievali.nsf/de148d287da34e08c1256e4c002f1718/d7d75685446b771cc1256fa3006019cf?OpenDocument","Monsferratus, Monferrato"
"https://www.senato.it/w3/Biblioteca/catalogoDegliStatutiMedievali.nsf/de148d287da34e08c1256e4c002f1718/d7f768b0f44e79b0c1256f9a0047ddcc?OpenDocument","Cesana (Lentiai)"
"https://www.senato.it/w3/Biblioteca/catalogoDegliStatutiMedievali.nsf/de148d287da34e08c1256e4c002f1718/d83ba70de0e18af3c1256f9a004283a7?OpenDocument","Buleae, Buje d'Istria"
"https://www.senato.it/w3/Biblioteca/catalogoDegliStatutiMedievali.nsf/de148d287da34e08c1256e4c002f1718/d8f35e5c2954d024c1256fac003ef488?OpenDocument","Rocca Pitigliana (Gaggio Montano), Arce Pitilianae"
"https://www.senato.it/w3/Biblioteca/catalogoDegliStatutiMedievali.nsf/de148d287da34e08c1256e4c002f1718/da426e2c8ccd803ac1256f9a00405866?OpenDocument","Annecy"
"https://www.senato.it/w3/Biblioteca/catalogoDegliStatutiMedievali.nsf/de148d287da34e08c1256e4c002f1718/da477b605d7feea6c1256fa2005a48fd?OpenDocument","Gomola, Gombula, Gombola (Polinago)"
"https://www.senato.it/w3/Biblioteca/catalogoDegliStatutiMedievali.nsf/de148d287da34e08c1256e4c002f1718/daa8ebd037b23baec1256f3b004d37c5?OpenDocument","Tuenno"
"https://www.senato.it/w3/Biblioteca/catalogoDegliStatutiMedievali.nsf/de148d287da34e08c1256e4c002f1718/dab5f5bb2b7ae761c1256fa40048ceb2?OpenDocument","Unelia, Unegia, Oneglia (Imperia)"
"https://www.senato.it/w3/Biblioteca/catalogoDegliStatutiMedievali.nsf/de148d287da34e08c1256e4c002f1718/db5218fc3c28794fc1256fa2005a4b1a?OpenDocument","Grandson"
"https://www.senato.it/w3/Biblioteca/catalogoDegliStatutiMedievali.nsf/de148d287da34e08c1256e4c002f1718/dcc46f3d835e6ce2c1256fac00403a6a?OpenDocument","Scaiano (Caviano)"
"https://www.senato.it/w3/Biblioteca/catalogoDegliStatutiMedievali.nsf/de148d287da34e08c1256e4c002f1718/dcf0e09803d5e91cc1256fa400491a49?OpenDocument","Poyo Umbricchio, Poggio Umbricchio, Poggio de Ambricolo, Podium Umbricoli, Podium Morechii, Podium de Umbraculis"
"https://www.senato.it/w3/Biblioteca/catalogoDegliStatutiMedievali.nsf/de148d287da34e08c1256e4c002f1718/dd81e3a55a221d58c1256fac003ef231?OpenDocument","Roccafranca (Foligno), Acquafranca"
"https://www.senato.it/w3/Biblioteca/catalogoDegliStatutiMedievali.nsf/de148d287da34e08c1256e4c002f1718/dda8355db9d77c67c1256fa300602c94?OpenDocument","Montetortore (Zocca), Mons Turturis"
"https://www.senato.it/w3/Biblioteca/catalogoDegliStatutiMedievali.nsf/de148d287da34e08c1256e4c002f1718/ddb1dc6fc94b86adc1256f9a0047cc4d?OpenDocument","Castagnolum, Castagnola (Giano nell'Umbria)"
"https://www.senato.it/w3/Biblioteca/catalogoDegliStatutiMedievali.nsf/de148d287da34e08c1256e4c002f1718/ddd4122e0f62d338c1256f3b004d2eb2?OpenDocument","Trebianum, Trebiano Magra (Arcola), Trebiano, Trebbiano"
"https://www.senato.it/w3/Biblioteca/catalogoDegliStatutiMedievali.nsf/de148d287da34e08c1256e4c002f1718/ddf266b75c666565c1256f9a0047b202?OpenDocument","Rocca delle Caminate, Caminate (Predappio)"
"https://www.senato.it/w3/Biblioteca/catalogoDegliStatutiMedievali.nsf/de148d287da34e08c1256e4c002f1718/dea12f97bdb23798c1256f9a0047c086?OpenDocument","Carnia, Carnea, Cargna"
"https://www.senato.it/w3/Biblioteca/catalogoDegliStatutiMedievali.nsf/de148d287da34e08c1256e4c002f1718/decbc2b972f09681c12571d500265e6e?OpenDocument","Sappade (Falcade)"
"https://www.senato.it/w3/Biblioteca/catalogoDegliStatutiMedievali.nsf/de148d287da34e08c1256e4c002f1718/df0542dda9e47a20c1256fac003ee399?OpenDocument","Resiglio, Rasiglio"
"https://www.senato.it/w3/Biblioteca/catalogoDegliStatutiMedievali.nsf/de148d287da34e08c1256e4c002f1718/df0bda2bbf5c8388c1256fa3005c660b?OpenDocument","Gualdo (Massarosa)"
"https://www.senato.it/w3/Biblioteca/catalogoDegliStatutiMedievali.nsf/de148d287da34e08c1256e4c002f1718/e083cce9e0350851c1258b260029b5af?OpenDocument","Valle Camonica, Valcamonica, Camonica"
"https://www.senato.it/w3/Biblioteca/catalogoDegliStatutiMedievali.nsf/de148d287da34e08c1256e4c002f1718/e1137996a5971c5bc1256fa2005a49ba?OpenDocument","Gurciano, Gorzanum, Gorzano (Maranello)"
"https://www.senato.it/w3/Biblioteca/catalogoDegliStatutiMedievali.nsf/de148d287da34e08c1256e4c002f1718/e14f3a82b8286d72c1256fa3005c5ab3?OpenDocument","Pharpha, Farfa (Fara in Sabina)"
"https://www.senato.it/w3/Biblioteca/catalogoDegliStatutiMedievali.nsf/de148d287da34e08c1256e4c002f1718/e168d7d7e4298e5dc1256f3b004d3573?OpenDocument","Triana (Roccalbegna), Atriana"
"https://www.senato.it/w3/Biblioteca/catalogoDegliStatutiMedievali.nsf/de148d287da34e08c1256e4c002f1718/e18ba465ea344be2c1256fac003ef3bc?OpenDocument","Rocha Elmicis, Rocca d'Elmici (Predappio), Elmice"
"https://www.senato.it/w3/Biblioteca/catalogoDegliStatutiMedievali.nsf/de148d287da34e08c1256e4c002f1718/e1f339a8f5aa03b5c1256fa400490ccf?OpenDocument","Pieve di Bono"
"https://www.senato.it/w3/Biblioteca/catalogoDegliStatutiMedievali.nsf/de148d287da34e08c1256e4c002f1718/e209d7e19e4ccb76c1256f9a004229fc?OpenDocument","Bellinzona"
"https://www.senato.it/w3/Biblioteca/catalogoDegliStatutiMedievali.nsf/de148d287da34e08c1256e4c002f1718/e339c2f8438e9f7fc1256f9a0054e0d4?OpenDocument","Conscentum, Conscente (Cisano sul Neva)"
"https://www.senato.it/w3/Biblioteca/catalogoDegliStatutiMedievali.nsf/de148d287da34e08c1256e4c002f1718/e33c2a429a004161c1256fac003ef35d?OpenDocument","Rocca Corneta (Lizzano in Belvedere)"
"https://www.senato.it/w3/Biblioteca/catalogoDegliStatutiMedievali.nsf/de148d287da34e08c1256e4c002f1718/e3c16148e9c0f0f4c1256fa40048e186?OpenDocument","Paganico (Civitella Paganico), Castelfranco di Paganico"
"https://www.senato.it/w3/Biblioteca/catalogoDegliStatutiMedievali.nsf/de148d287da34e08c1256e4c002f1718/e520702988d64d90c1256fa400491fc4?OpenDocument","Porretta Terme, Bagni della Porretta"
"https://www.senato.it/w3/Biblioteca/catalogoDegliStatutiMedievali.nsf/de148d287da34e08c1256e4c002f1718/e5bb4842f0311f11c1256fa3005fdd4d?OpenDocument","Marola (La Spezia)"
"https://www.senato.it/w3/Biblioteca/catalogoDegliStatutiMedievali.nsf/de148d287da34e08c1256e4c002f1718/e65b234a88e2949ec1256fac004018bc?OpenDocument","Saccomuro (Vicovaro), Saccomoro, Sacamuro"
"https://www.senato.it/w3/Biblioteca/catalogoDegliStatutiMedievali.nsf/de148d287da34e08c1256e4c002f1718/e68fe819e800223fc1256f9a0040654b?OpenDocument","Avignone, Avenio"
"https://www.senato.it/w3/Biblioteca/catalogoDegliStatutiMedievali.nsf/de148d287da34e08c1256e4c002f1718/e7d387e03fe6f42ac1256fa20059f921?OpenDocument","Santa Maria di Fagnano, Fagnano (Lucca)"
"https://www.senato.it/w3/Biblioteca/catalogoDegliStatutiMedievali.nsf/de148d287da34e08c1256e4c002f1718/e7e37eedf6072b99c1256f9a0047dbb8?OpenDocument","Castilio Perusinus, Castilio Florentinus, Castilio Aretinus, Castiglione Fiorentino"
"https://www.senato.it/w3/Biblioteca/catalogoDegliStatutiMedievali.nsf/de148d287da34e08c1256e4c002f1718/e8f850ba4a26e7a7c1256f9a00454328?OpenDocument","Bionde di Porcile (Belfiore)"
"https://www.senato.it/w3/Biblioteca/catalogoDegliStatutiMedievali.nsf/de148d287da34e08c1256e4c002f1718/e942948edc1d65d3c1256fac003ef204?OpenDocument","Rivoltella (Desenzano del Garda)"
"https://www.senato.it/w3/Biblioteca/catalogoDegliStatutiMedievali.nsf/de148d287da34e08c1256e4c002f1718/eada567c40b0e121c1256f40003d047d?OpenDocument","Tenerano (Fivizzano)"
"https://www.senato.it/w3/Biblioteca/catalogoDegliStatutiMedievali.nsf/de148d287da34e08c1256e4c002f1718/eb177658a95047d4c12571230052b6d0?OpenDocument","Perlascio (Casciana Terme)"
"https://www.senato.it/w3/Biblioteca/catalogoDegliStatutiMedievali.nsf/de148d287da34e08c1256e4c002f1718/eb286c50eaa63672c1256f9a0054e949?OpenDocument","Cattaro, Catharum"
"https://www.senato.it/w3/Biblioteca/catalogoDegliStatutiMedievali.nsf/de148d287da34e08c1256e4c002f1718/eb90065c4141863dc1256fa2005a4c79?OpenDocument","Guadagnolo (Capranica Prenestina)"
"https://www.senato.it/w3/Biblioteca/catalogoDegliStatutiMedievali.nsf/de148d287da34e08c1256e4c002f1718/ebd2331c9aa93639c1256f9a0047aded?OpenDocument","Calatafimi"
"https://www.senato.it/w3/Biblioteca/catalogoDegliStatutiMedievali.nsf/de148d287da34e08c1256e4c002f1718/ec5626c5472ca14dc1256fa3005ee232?OpenDocument","Lagoraria, Lagorara"
"https://www.senato.it/w3/Biblioteca/catalogoDegliStatutiMedievali.nsf/de148d287da34e08c1256e4c002f1718/ecc3b5964a48b3b8c1256fa400475291?OpenDocument","Les Clées"
"https://www.senato.it/w3/Biblioteca/catalogoDegliStatutiMedievali.nsf/de148d287da34e08c1256e4c002f1718/ed4ee30e35174e09c1256fa400491fe7?OpenDocument","Portico (Portico e San Benedetto), Portico di Romagna"
"https://www.senato.it/w3/Biblioteca/catalogoDegliStatutiMedievali.nsf/de148d287da34e08c1256e4c002f1718/edd79c5fed351588c1256fa300601df1?OpenDocument","Montalto Tarugo (Fossombrone)"
"https://www.senato.it/w3/Biblioteca/catalogoDegliStatutiMedievali.nsf/de148d287da34e08c1256e4c002f1718/ef6e2c3d8288284ac1256fa400491d42?OpenDocument","Santa Maria di Pontetetto, Pontetetto (Lucca)"
"https://www.senato.it/w3/Biblioteca/catalogoDegliStatutiMedievali.nsf/de148d287da34e08c1256e4c002f1718/efbc836bcb3e59b1c1256fa400492094?OpenDocument","Portole"
"https://www.senato.it/w3/Biblioteca/catalogoDegliStatutiMedievali.nsf/de148d287da34e08c1256e4c002f1718/f01fe61768e0a5fec1256f9a00422883?OpenDocument","Bazzano"
"https://www.senato.it/w3/Biblioteca/catalogoDegliStatutiMedievali.nsf/de148d287da34e08c1256e4c002f1718/f06bac2f0080e557c1256fac00401efc?OpenDocument","Samöens"
"https://www.senato.it/w3/Biblioteca/catalogoDegliStatutiMedievali.nsf/de148d287da34e08c1256e4c002f1718/f09c8e37c622c87dc1256f9a0056fde4?OpenDocument","Ilcium, Ilci, Elsi, Elci (Radicondoli)"
"https://www.senato.it/w3/Biblioteca/catalogoDegliStatutiMedievali.nsf/de148d287da34e08c1256e4c002f1718/f0cc3b5cfd8cf1cbc1256fa40048c94f?OpenDocument","Nonza"
"https://www.senato.it/w3/Biblioteca/catalogoDegliStatutiMedievali.nsf/de148d287da34e08c1256e4c002f1718/f152090f6084103cc1256fa40048f096?OpenDocument","Payerne"
"https://www.senato.it/w3/Biblioteca/catalogoDegliStatutiMedievali.nsf/de148d287da34e08c1256e4c002f1718/f1f91978439955cdc1257091002b7bd2?OpenDocument","Porchiano (Amelia)"
"https://www.senato.it/w3/Biblioteca/catalogoDegliStatutiMedievali.nsf/de148d287da34e08c1256e4c002f1718/f2488dbf72fa52cac1256fac00402a84?OpenDocument","San Piero in Mercato (Montespertoli)"
"https://www.senato.it/w3/Biblioteca/catalogoDegliStatutiMedievali.nsf/de148d287da34e08c1256e4c002f1718/f2b320a540de12d8c1256fac00405451?OpenDocument","Stagnum, Stagno"
"https://www.senato.it/w3/Biblioteca/catalogoDegliStatutiMedievali.nsf/de148d287da34e08c1256e4c002f1718/f2b76afffeded8c5c1256f3b004d1f84?OpenDocument","Talamone"
"https://www.senato.it/w3/Biblioteca/catalogoDegliStatutiMedievali.nsf/de148d287da34e08c1256e4c002f1718/f521a7aa5c3336f0c1256fa3005fc5a6?OpenDocument","Lugano, Luano, Leguano, Lauwvis, Lauis"
"https://www.senato.it/w3/Biblioteca/catalogoDegliStatutiMedievali.nsf/de148d287da34e08c1256e4c002f1718/f54d9dd414691647c1256fac0040427d?OpenDocument","Sette Comuni"
"https://www.senato.it/w3/Biblioteca/catalogoDegliStatutiMedievali.nsf/de148d287da34e08c1256e4c002f1718/f59d6b1f43675639c1256fa3005fc85d?OpenDocument","Maccagnum, Maccagno Inferiore (Maccagno), Maccagno Imperiale, Macagno"
"https://www.senato.it/w3/Biblioteca/catalogoDegliStatutiMedievali.nsf/de148d287da34e08c1256e4c002f1718/f5aae5357f490041c1256f9a0054dfe6?OpenDocument","Condino"
"https://www.senato.it/w3/Biblioteca/catalogoDegliStatutiMedievali.nsf/de148d287da34e08c1256e4c002f1718/f5b0de0d02f14f69c1256fa3006029ba?OpenDocument","Monterappoli (Empoli)"
"https://www.senato.it/w3/Biblioteca/catalogoDegliStatutiMedievali.nsf/de148d287da34e08c1256e4c002f1718/f5f32a14dbf2abf7c1256fa30060338f?OpenDocument","Mutillianum, Mutigliano (Lucca)"
"https://www.senato.it/w3/Biblioteca/catalogoDegliStatutiMedievali.nsf/de148d287da34e08c1256e4c002f1718/f6ad60c34879cc13c1256f9a00405f18?OpenDocument","Aspra (Rieti)"
"https://www.senato.it/w3/Biblioteca/catalogoDegliStatutiMedievali.nsf/de148d287da34e08c1256e4c002f1718/f6ae8b12aafbfd4ec1256fac003ef330?OpenDocument","Rocca Angitola (Francavilla Angitola)"
"https://www.senato.it/w3/Biblioteca/catalogoDegliStatutiMedievali.nsf/de148d287da34e08c1256e4c002f1718/f6dbde76f2a9230dc1256f3b004d246a?OpenDocument","Tirolo, Tirol"
"https://www.senato.it/w3/Biblioteca/catalogoDegliStatutiMedievali.nsf/de148d287da34e08c1256e4c002f1718/f6ff1615838e1161c1256fa30060204b?OpenDocument","Montecelio (Guidonia Montecelio)"
"https://www.senato.it/w3/Biblioteca/catalogoDegliStatutiMedievali.nsf/de148d287da34e08c1256e4c002f1718/f706f0314ae8e36ac1256f9a0042762b?OpenDocument","Bourg en Bresse, Bourg"
"https://www.senato.it/w3/Biblioteca/catalogoDegliStatutiMedievali.nsf/de148d287da34e08c1256e4c002f1718/f73b38baae6edb91c1256fa3005fb27f?OpenDocument","Limonta (Oliveto Lario), Elimonta"
"https://www.senato.it/w3/Biblioteca/catalogoDegliStatutiMedievali.nsf/de148d287da34e08c1256e4c002f1718/f7da2a25ba40317dc1256fa300602eb2?OpenDocument","Montverand"
"https://www.senato.it/w3/Biblioteca/catalogoDegliStatutiMedievali.nsf/de148d287da34e08c1256e4c002f1718/f83559b92c3a18afc1256f9a0054d721?OpenDocument","Comago (Sant'Olcese)"
"https://www.senato.it/w3/Biblioteca/catalogoDegliStatutiMedievali.nsf/de148d287da34e08c1256e4c002f1718/f8abca7df7fa0bccc1256f9a004918ad?OpenDocument","Chia (Soriano nel Cimino)"
"https://www.senato.it/w3/Biblioteca/catalogoDegliStatutiMedievali.nsf/de148d287da34e08c1256e4c002f1718/f9413f486d558454c1256fa300602d4f?OpenDocument","Monticello (Cinigiano), Monticello D'Amiata, Montepinzutulo, Mons Pinzutulum"
"https://www.senato.it/w3/Biblioteca/catalogoDegliStatutiMedievali.nsf/de148d287da34e08c1256e4c002f1718/f9aaff5a18cac582c1256f3b004d2ef9?OpenDocument","Tredici Comuni, Tavernole (San Mauro di Saline)"
"https://www.senato.it/w3/Biblioteca/catalogoDegliStatutiMedievali.nsf/de148d287da34e08c1256e4c002f1718/fa406d109c47ffb8c1256f9a0056e207?OpenDocument","Corsica"
"https://www.senato.it/w3/Biblioteca/catalogoDegliStatutiMedievali.nsf/de148d287da34e08c1256e4c002f1718/fa50ed8a2edce1efc1256fac004019ee?OpenDocument","Saint Michel de Maurienne"
"https://www.senato.it/w3/Biblioteca/catalogoDegliStatutiMedievali.nsf/de148d287da34e08c1256e4c002f1718/fa51114560963977c1256fa300600ac1?OpenDocument","Mocogna (Domodossola), Mochonia"
"https://www.senato.it/w3/Biblioteca/catalogoDegliStatutiMedievali.nsf/de148d287da34e08c1256e4c002f1718/faff480fe98f36f0c1256fac0040310c?OpenDocument","Sarmego (Grumolo delle Abbadesse)"
"https://www.senato.it/w3/Biblioteca/catalogoDegliStatutiMedievali.nsf/de148d287da34e08c1256e4c002f1718/fbd6e2fc4d32f159c1256fa400491c5b?OpenDocument","Poncin"
"https://www.senato.it/w3/Biblioteca/catalogoDegliStatutiMedievali.nsf/de148d287da34e08c1256e4c002f1718/fbe9d263f88c4affc1256f9a0054e33b?OpenDocument","Castrum, Castro (Farnese)"
"https://www.senato.it/w3/Biblioteca/catalogoDegliStatutiMedievali.nsf/de148d287da34e08c1256e4c002f1718/fbf68fe6b1f9c200c1256fac003ee022?OpenDocument","Rhacusium, Raugia, Ragusium, Ragusa (Dalmazia), Ragugia, Dubrovnik"
"https://www.senato.it/w3/Biblioteca/catalogoDegliStatutiMedievali.nsf/de148d287da34e08c1256e4c002f1718/fcc6185019cf5d63c1256f9a004052e6?OpenDocument","Alfaedo (Sant'Anna d'Alfaedo)"
"https://www.senato.it/w3/Biblioteca/catalogoDegliStatutiMedievali.nsf/de148d287da34e08c1256e4c002f1718/fd1fa2069ed663c2c1256fa2005a54e8?OpenDocument","Isola di Fano (Fossombrone), Isola"
"https://www.senato.it/w3/Biblioteca/catalogoDegliStatutiMedievali.nsf/de148d287da34e08c1256e4c002f1718/fe033b32974e21ddc1256f9a0047c0dd?OpenDocument","Carpaxium, Carpasio"
"https://www.senato.it/w3/Biblioteca/catalogoDegliStatutiMedievali.nsf/de148d287da34e08c1256e4c002f1718/fe8e5094dd56f749c1256fa3005c609a?OpenDocument","Frattavecchia (Castiglione del Lago)"
"https://www.senato.it/w3/Biblioteca/catalogoDegliStatutiMedievali.nsf/de148d287da34e08c1256e4c002f1718/fefb89a0243d3908c1256fa40048e1cb?OpenDocument","Pagliero (San Damiano Macra), Paglierium, Pagliarium, Paglerium"
"https://www.senato.it/w3/Biblioteca/catalogoDegliStatutiMedievali.nsf/de148d287da34e08c1256e4c002f1718/ffbb195bb072d96ac1256f9a00404c7f?OpenDocument","Abruzzo"
